"course_code","course_title","professor","term","comment","source","legacy","include_in_import","needs_review","review_reason","category","source_section","source_line"
"MATH1560J","","Runze Cai","","没有slides，非常难受，且蔡润泽喜欢天马行空地讲，导致很多知识点讲的效率很慢。
建议跟着高数课本多多自学，当然课也要听别掉队","feishu_legacy","true","true","false","","Engineering Foundation / Math","Engineering Foundation > Math > Math1560J(Runze Cai)","47"
"MATH1560J","","Runze Cai","","5系列与8系列是交叉，8系列可能不会cover5系列所有内容。
crz会在课上讲所有要考的知识点，虽然有时效率偏低。
5系列建议自己认真做笔记。认真做所有作业，
考试survive是比较轻松的。我个人觉得crz讲得还是不错的。。。","feishu_legacy","true","true","false","","Engineering Foundation / Math","Engineering Foundation > Math > Math1560J(Runze Cai)","48"
"MATH1560J","","Runze Cai","","讲课比较飘逸，建议上，RC多自学，当然不能全不听，作业还是要认真做，跟上进度，
5系列给分还是不错的","feishu_legacy","true","true","false","","Engineering Foundation / Math","Engineering Foundation > Math > Math1560J(Runze Cai)","49"
"MATH1560J","","Runze Cai","","crz5系列（仅对于自己上过的156与255前半部分而言）感觉考试内容和lecture密切相关，个人感觉纯靠lecture也不是不行(至少个人经历是这样)，但是确实会很吃上课能不能理解他讲的以及笔记有没有记全之类的问题。还有就是作业进度与课程进度并不完全一致，可能周三due的作业要用的知识周一的课才会讲，如果想要早点做完需要youtube自学一下，以及感觉crz自己推荐的3b1b的视频帮助对于理解课程内容还是挺大的。（*个人感觉和国内高数差别很大，不是很建议用国内教材学习","feishu_legacy","true","true","false","","Engineering Foundation / Math","Engineering Foundation > Math > Math1560J(Runze Cai)","50"
"MATH1860J","","Horst Hohberger","","强烈推荐对数学有浓厚兴趣的人选，但他比较着重于抽象定义，而不是“硬算”","feishu_legacy","true","true","false","","Engineering Foundation / Math","Engineering Foundation > Math > Math1860J","62"
"MATH1860J","","Horst Hohberger","","强烈建议所有对数学有兴趣的人来选，会有效的加深对数学的一些理解，对后面的214也会很有帮助","feishu_legacy","true","true","false","","Engineering Foundation / Math","Engineering Foundation > Math > Math1860J","63"
"MATH1860J","","Horst Hohberger","","自成体系，包含一点离散数学
比较抽象，把作业搞懂，多讨论就可以survive
非常需要自学能力，建议把slides搞懂之后找大佬教自己做题
抽象","feishu_legacy","true","true","false","","Engineering Foundation / Math","Engineering Foundation > Math > Math1860J","64"
"MATH1860J","","Horst Hohberger","","我很喜欢这门课，虽然这门课由于时间原因没有特别训练学生的积分能力，但是总体来说是很培养严谨思维的一门课。","feishu_legacy","true","true","false","","Engineering Foundation / Math","Engineering Foundation > Math > Math1860J","65"
"MATH1860J","","Horst Hohberger","","很有意思的课。hss会把所有的证明讲的很详细，考试的话不会非常不友好，但需要自学很多东西。","feishu_legacy","true","true","false","","Engineering Foundation / Math","Engineering Foundation > Math > Math1860J","66"
"MATH1860J","","Horst Hohberger","","hss很有自己的理解。但是自己要去多练练积分题，这门课没有太多practical integration，不足以支持你在别的课程里的积分基础","feishu_legacy","true","true","false","","Engineering Foundation / Math","Engineering Foundation > Math > Math1860J","67"
"MATH1860J","","Horst Hohberger","","抽象","feishu_legacy","true","true","false","","Engineering Foundation / Math","Engineering Foundation > Math > Math1860J","68"
"MATH1860J","","Horst Hohberger","","建议先有了考研数学一的水平再来听这个课的各种证明，会觉得horst讲的还是挺娓娓道来的，否则可能会感觉他整天讲的不知所云","feishu_legacy","true","true","false","","Engineering Foundation / Math","Engineering Foundation > Math > Math1860J","69"
"MATH1860J","","Horst Hohberger","","不要轻易挑战自己😊","feishu_legacy","true","true","false","","Engineering Foundation / Math","Engineering Foundation > Math > Math1860J","70"
"MATH1860J","","Horst Hohberger","","想学8系列的请听我说，每次考试丢的分数都是一比一折算到总评里去的，容错率很低，做好心理准备，尽量不要犯低级失误。其他的就是一定要多去上RC，RC课上的题都会了那考试问题也不大。","feishu_legacy","true","true","false","","Engineering Foundation / Math","Engineering Foundation > Math > Math1860J","71"
"MATH1860J","","Horst Hohberger","","考试占比很高，不太注重平时成绩，学的很杂，作业是小组形式的，比较难，但是考试会比作业简单很多","feishu_legacy","true","true","false","","Engineering Foundation / Math","Engineering Foundation > Math > Math1860J","72"
"MATH2550J","","Runze Cai","","个人感觉看回放效率更高","feishu_legacy","true","true","false","","Engineering Foundation / Math","Engineering Foundation > Math > Math2550J(Runze Cai)","87"
"MATH2550J","","Runze Cai","","认真听课+去Runze OH问问题能cover绝大部分的考试内容，考试与上课相关度不低","feishu_legacy","true","true","false","","Engineering Foundation / Math","Engineering Foundation > Math > Math2550J(Runze Cai)","88"
"MATH2550J","","Runze Cai","","去教室听回放不如课后看回放搞懂每一个题目","feishu_legacy","true","true","false","","Engineering Foundation / Math","Engineering Foundation > Math > Math2550J(Runze Cai)","89"
"MATH2560J","","Runze Cai","","课程难度取决于ta讲课水平，考试评分标准一如既往的抽象。常微分方程可以看书自学，但考试可能会考老师发的材料但没讲的东西，比如虚数的傅立叶变换。（note:其实润泽讲了虚数的傅里叶变换，指最后一节课. 润泽现在真的很喜欢在最后一节课讲讲例题什么的，大有讲什么考什么的感觉x 毕竟他课上不完 总得保证考的讲过 ）","feishu_legacy","true","true","false","","Engineering Foundation / Math","Engineering Foundation > Math > Math2560J(Runze Cai)","95"
"MATH2560J","","Runze Cai","","你的考试成绩和Casio991的随机数差不多","feishu_legacy","true","true","false","","Engineering Foundation / Math","Engineering Foundation > Math > Math2560J(Runze Cai)","96"
"MATH2560J","","Runze Cai","","最喜欢用知乎学习的一集","feishu_legacy","true","true","false","","Engineering Foundation / Math","Engineering Foundation > Math > Math2560J(Runze Cai)","97"
"MATH2560J","","Runze Cai","","期中完全靠TA 3个小时的大RC力挽狂澜","feishu_legacy","true","true","false","","Engineering Foundation / Math","Engineering Foundation > Math > Math2560J(Runze Cai)","98"
"MATH2560J","","Runze Cai","","mid前靠听课记笔记加rc也许还能活着（魏爹TA复分析讲的有点太好了。mid后内容抽象乱飞，自求多福了","feishu_legacy","true","true","false","","Engineering Foundation / Math","Engineering Foundation > Math > Math2560J(Runze Cai)","99"
"MATH2560J","","Runze Cai","","微分方程背背公式，复分析熟悉一下大小圆弧，线代看看约当标准型，题型熟悉清楚不错简单题A-以上差不多了，剩下的证明就靠天收了","feishu_legacy","true","true","false","","Engineering Foundation / Math","Engineering Foundation > Math > Math2560J(Runze Cai)","100"
"MATH2560J","","Runze Cai","","感觉主要还是上课认真听弄懂每一个题型最重要，个人感觉crz 讲的还算清晰","feishu_legacy","true","true","false","","Engineering Foundation / Math","Engineering Foundation > Math > Math2560J(Runze Cai)","101"
"MATH2850J","","Horst Hohberger","","自学，巨难无比，186学不好的有难了","feishu_legacy","true","true","false","","Engineering Foundation / Math","Engineering Foundation > Math > Math2850J","108"
"MATH2850J","","Horst Hohberger","","是谁跟我说这是8系列最简单的一集来着？我真的累了。","feishu_legacy","true","true","false","","Engineering Foundation / Math","Engineering Foundation > Math > Math2850J","109"
"MATH2850J","","Horst Hohberger","","被21届A率骗进来的人有难了，最依赖youtube印度老哥的一集。","feishu_legacy","true","true","false","","Engineering Foundation / Math","Engineering Foundation > Math > Math2850J","110"
"MATH2850J","","Horst Hohberger","","快跑（虽然你也跑不到别的地方去……","feishu_legacy","true","true","false","","Engineering Foundation / Math","Engineering Foundation > Math > Math2850J","111"
"MATH2850J","","Horst Hohberger","","快跑！！！就算186拿了A+甚至214拿了A也不要就觉得自己就能学好285了","feishu_legacy","true","true","false","","Engineering Foundation / Math","Engineering Foundation > Math > Math2850J","112"
"MATH2850J","","Horst Hohberger","","跑就对了","feishu_legacy","true","true","false","","Engineering Foundation / Math","Engineering Foundation > Math > Math2850J","113"
"MATH2850J","","Horst Hohberger","","285的线性代数威胁不大，但是学完285线性代数之后一定要全力冲刺了，因为后面微分几何和多元积分的内容你大概率完全听不懂XD","feishu_legacy","true","true","false","","Engineering Foundation / Math","Engineering Foundation > Math > Math2850J","114"
"MATH2850J","","Horst Hohberger","","考的还行所以觉得还可以？而且有project的话个人觉得能拉平一下给分（什）后面重积分的东西感觉就知道结论用就好了","feishu_legacy","true","true","false","","Engineering Foundation / Math","Engineering Foundation > Math > Math2850J","115"
"MATH2850J","","Horst Hohberger","","考试比255简单多了。考题其实不难，认真学问题不大。","feishu_legacy","true","true","false","","Engineering Foundation / Math","Engineering Foundation > Math > Math2850J","116"
"MATH2860J","","Horst Hohberger","","一学期速通数理方法还是有点牛逼了","feishu_legacy","true","true","false","","Engineering Foundation / Math","Engineering Foundation > Math > Math2860J","123"
"MATH2860J","","Horst Hohberger","","接着跑就对了","feishu_legacy","true","true","false","","Engineering Foundation / Math","Engineering Foundation > Math > Math2860J","124"
"MATH2860J","","Horst Hohberger","","8系列最有用的一门课，也是horst讲的最烂的一门，建议跟着youtube学就完事了","feishu_legacy","true","true","false","","Engineering Foundation / Math","Engineering Foundation > Math > Math2860J","125"
"MATH2860J","","Horst Hohberger","","感觉认真学了但是真的被final创飞了","feishu_legacy","true","true","false","","Engineering Foundation / Math","Engineering Foundation > Math > Math2860J","126"
"MATH2860J","","Horst Hohberger","","快跑！！！！！！horst真的是如讲，建议点点差评（）","feishu_legacy","true","true","false","","Engineering Foundation / Math","Engineering Foundation > Math > Math2860J","127"
"MATH2030J","","Runze Cai","","2024SU:改卷标准一言难尽","feishu_legacy","true","true","false","","Engineering Foundation / Math","Engineering Foundation > Math > Math2030J(Runze Cai)","141"
"MATH2030J","","Runze Cai","","我可能是为数不多会觉得这门课是好课的同学。
那你不是为数不多x 我也觉得
我也附议一下doge
附议，蔡老师我是你的粉丝啊 :D","feishu_legacy","true","true","false","","Engineering Foundation / Math","Engineering Foundation > Math > Math2030J(Runze Cai)","142"
"MATH2030J","","Runze Cai","","mid后感悟：mid前的课不用去。","feishu_legacy","true","true","false","","Engineering Foundation / Math","Engineering Foundation > Math > Math2030J(Runze Cai)","143"
"MATH2030J","","Runze Cai","","不知道在教什么，感觉跟我认知里离散应该学的内容和占比完全不符","feishu_legacy","true","true","false","","Engineering Foundation / Math","Engineering Foundation > Math > Math2030J(Runze Cai)","144"
"MATH2030J","","Runze Cai","","mid会非常简单（甚至会有直接抄slides的题），但是也会导致一不小心就扣个一两题，然后十几二十分就没了。。
所以学得好不如会应试","feishu_legacy","true","true","false","","Engineering Foundation / Math","Engineering Foundation > Math > Math2030J(Runze Cai)","145"
"MATH2030J","","Runze Cai","","两个字：逆天
学的懂的人很轻松，学不懂的人就是学不懂","feishu_legacy","true","true","false","","Engineering Foundation / Math","Engineering Foundation > Math > Math2030J(Runze Cai)","146"
"MATH2030J","","Runze Cai","","mid前还行，mid后就啥都不会啦","feishu_legacy","true","true","false","","Engineering Foundation / Math","Engineering Foundation > Math > Math2030J(Runze Cai)","147"
"MATH4010J","","Changxiao Cai","","工程概率方法x 速通概率论 感觉蔡老师接手之后更像一门数学课咯 只可惜老师是um给ji的体验卡.(24SU)","feishu_legacy","true","true","false","","Engineering Foundation / Math","Engineering Foundation > Math > Math4010J > Changxiao Cai","157"
"MATH4010J","","Changxiao Cai","","一周四节早八，狗都不上","feishu_legacy","true","true","false","","Engineering Foundation / Math","Engineering Foundation > Math > Math4010J > Changxiao Cai","158"
"MATH4010J","","Horst","","horst课程里最能接受的一次","feishu_legacy","true","true","false","","Engineering Foundation / Math","Engineering Foundation > Math > Math4010J > Horst","166"
"MATH4010J","","Horst","","上完286立刻上这个笑嘻了","feishu_legacy","true","true","false","","Engineering Foundation / Math","Engineering Foundation > Math > Math4010J > Horst","167"
"MATH2140J","","Manuel","","对于普通学生（数学基础一般，或者没有搞过数竞），难度较大
课程内容非常抽象，建议先学会线代基础运算（矩阵，行列式，特征值啥的）再听会比较轻松","feishu_legacy","true","true","false","","Engineering Foundation / Math","Engineering Foundation > Math > Math2140J(Manuel)","187"
"MATH2140J","","Manuel","","牛宝是个人风格极其鲜明的老师，如果电波对得上就是大水课（上课混个脸熟，作业每周2~3h解决，不用复习就能A+的那种水课），对不上就会很难很难。个人强烈推荐。","feishu_legacy","true","true","false","","Engineering Foundation / Math","Engineering Foundation > Math > Math2140J(Manuel)","188"
"MATH2140J","","Manuel","","上这个课要把自己当成白纸，这个课不用预习，也没法预习。很多人没发挥好的原因就是他们知道得太多了。","feishu_legacy","true","true","false","","Engineering Foundation / Math","Engineering Foundation > Math > Math2140J(Manuel)","189"
"MATH2140J","","Manuel","","非常好的课，刷新了我对数学的认知，推荐，然后就是一定要及时复习别掉队了","feishu_legacy","true","true","false","","Engineering Foundation / Math","Engineering Foundation > Math > Math2140J(Manuel)","190"
"MATH2140J","","Manuel","","非常好的一门课，真的是对线性代数有了更深层次的认知，只要跟上mn的脚步真的是能学到很多东西","feishu_legacy","true","true","false","","Engineering Foundation / Math","Engineering Foundation > Math > Math2140J(Manuel)","191"
"MATH2140J","","Manuel","","为什么大家都说好呢？似乎确凿是上面填写的人里面佬太多了吧。客观来说，mn的slides做的确实不错，课程的体系构建也比大部分中国学校的线代课程合理。但是我觉得问题主要在于mn似乎野心过大了，会在作业中加入新的知识点希望同学们能够自学，会添加许多更进阶的知识，比如抽象代数的内容。而这样的知识量是有些过大的（尤其对于本来就短的春季学期而言）","feishu_legacy","true","true","false","","Engineering Foundation / Math","Engineering Foundation > Math > Math2140J(Manuel)","192"
"MATH2140J","","Manuel","","关于作业自学，其实8系列数学课放在作业里的自学内容多得多得多。","feishu_legacy","true","true","false","","Engineering Foundation / Math","Engineering Foundation > Math > Math2140J(Manuel)","193"
"MATH2140J","","Manuel","","与其称之""线性代数""，我更愿意称它为“introduction to proofs”，214真的是我数学证明的启蒙课。本人数学基础不好，在上这门课之前未接触过任何证明，但这门课确实是一门付出努力，就能大幅提高自己的课；mn的教学质量/答疑本人认为也是JI天花板之一，强烈推荐！","feishu_legacy","true","true","false","","Engineering Foundation / Math","Engineering Foundation > Math > Math2140J(Manuel)","194"
"MATH2140J","","Manuel","","神课","feishu_legacy","true","true","false","","Engineering Foundation / Math","Engineering Foundation > Math > Math2140J(Manuel)","195"
"MATH2140J","","Manuel","","我爱牛宝，我爱牛宝","feishu_legacy","true","true","false","","Engineering Foundation / Math","Engineering Foundation > Math > Math2140J(Manuel)","196"
"MATH2140J","","Manuel","","法式线代：群论是块砖，哪里需要往哪儿搬","feishu_legacy","true","true","false","","Engineering Foundation / Math","Engineering Foundation > Math > Math2140J(Manuel)","197"
"MATH2140J","","Manuel","","真的很喜欢！我个人是学了一点基础概念之后去听的，感觉这样上课直接就能听懂（但不代表课后不需要花时间）","feishu_legacy","true","true","false","","Engineering Foundation / Math","Engineering Foundation > Math > Math2140J(Manuel)","198"
"MATH2140J","","Manuel","","好课！只要上课概念搞懂了基本不用复习，也是为数不多能大一当TA的课","feishu_legacy","true","true","false","","Engineering Foundation / Math","Engineering Foundation > Math > Math2140J(Manuel)","199"
"MATH2140J","","Manuel","","好课，视角很高，很有意思","feishu_legacy","true","true","false","","Engineering Foundation / Math","Engineering Foundation > Math > Math2140J(Manuel)","200"
"PHYS1600J","","qzj","","qzj我爹，课程安排的很好，上课讲的很清楚，人很好也很幽默。而且想搞他的项目的话，他完全不会因为你是大一而排挤。很有自己的物理理解。不过课程还是有一定难度的，没有竞赛基础的话有一点点花时间。","feishu_legacy","true","true","false","","Engineering Foundation / Physics","Engineering Foundation > Physics > PHY1600J(qzj)","214"
"PHYS1600J","","qzj","","中国人不坑中国人的典型","feishu_legacy","true","true","false","","Engineering Foundation / Physics","Engineering Foundation > Physics > PHY1600J(qzj)","215"
"PHYS1600J","","qzj","","作为高中完全没学过物理竞赛的普通学生，作业确实很吃力，但课也是讲的贼好，极大提升了我对物理的兴趣和认知","feishu_legacy","true","true","false","","Engineering Foundation / Physics","Engineering Foundation > Physics > PHY1600J(qzj)","216"
"PHYS1600J","","qzj","","Qzj ==好！！","feishu_legacy","true","true","false","","Engineering Foundation / Physics","Engineering Foundation > Physics > PHY1600J(qzj)","217"
"PHYS1600J","","qzj","","蹲蹲考完期中的xpy评价","feishu_legacy","true","true","false","","Engineering Foundation / Physics","Engineering Foundation > Physics > PHY1600J(qzj)","218"
"PHYS1600J","","qzj","","如果没有较好基础还是不建议学的，压力会有点大，srds 老师真的讲的很严谨清晰，人超级nice","feishu_legacy","true","true","false","","Engineering Foundation / Physics","Engineering Foundation > Physics > PHY1600J(qzj)","219"
"PHYS1500J","","MK","","特别好的教授，上课体验极佳，ta也都很负责，体验很好的一门课！","feishu_legacy","true","true","false","","Engineering Foundation / Physics","Engineering Foundation > Physics > PHY1500J(MK)","225"
"PHYS1500J","","MK","","MK的水平是毋庸置疑的，不过作业比较多，需要做好心理准备。如果作业都能够按时保质保量完成，那么应该是没有什么问题的。","feishu_legacy","true","true","false","","Engineering Foundation / Physics","Engineering Foundation > Physics > PHY1500J(MK)","226"
"PHYS1500J","","MK","","MK真的好！上课认真讲的节奏适中PPT也做的即使不咋听课也能看懂 神中神","feishu_legacy","true","true","false","","Engineering Foundation / Physics","Engineering Foundation > Physics > PHY1500J(MK)","227"
"PHYS1500J","","MK","","MK讲得很好，上课很有意思，ppt做的也好（没有mastering physics就更好了","feishu_legacy","true","true","false","","Engineering Foundation / Physics","Engineering Foundation > Physics > PHY1500J(MK)","228"
"PHYS1500J","","Mesli","","教授人很好，wkld很低很低，而且真的很关心学生的反馈","feishu_legacy","true","true","false","","Engineering Foundation / Physics","Engineering Foundation > Physics > PHY1500J (Mesli)","235"
"PHYS1500J","","Mesli","","神","feishu_legacy","true","true","false","","Engineering Foundation / Physics","Engineering Foundation > Physics > PHY1500J (Mesli)","236"
"PHYS1500J","","Mesli","","伟大的德意志人民教师Abdel-Madjid MESLI","feishu_legacy","true","true","false","","Engineering Foundation / Physics","Engineering Foundation > Physics > PHY1500J (Mesli)","237"
"PHYS1500J","","Mesli","","可是mesli是法兰西人民","feishu_legacy","true","true","false","","Engineering Foundation / Physics","Engineering Foundation > Physics > PHY1500J (Mesli)","238"
"PHYS1500J","","Mesli","","mesli真的是很可爱人很好的小老头，会很认真地听取学生意见的好老师","feishu_legacy","true","true","false","","Engineering Foundation / Physics","Engineering Foundation > Physics > PHY1500J (Mesli)","239"
"PHYS2500J","","Saulo Mendes","","见仁见智；至少课讲的一坨
非常有个性的教授，作业和考试题干问题描述很难受","feishu_legacy","true","true","false","","Engineering Foundation / Physics","Engineering Foundation > Physics > PHYS2500J > Saulo Mendes","249"
"PHYS2500J","","Saulo Mendes","","Cheating paper要求极为抽象","feishu_legacy","true","true","false","","Engineering Foundation / Physics","Engineering Foundation > Physics > PHYS2500J > Saulo Mendes","250"
"PHYS2500J","","Saulo Mendes","","sm","feishu_legacy","true","true","false","","Engineering Foundation / Physics","Engineering Foundation > Physics > PHYS2500J > Saulo Mendes","251"
"PHYS2500J","","Saulo Mendes","","TA都破防了捏","feishu_legacy","true","true","false","","Engineering Foundation / Physics","Engineering Foundation > Physics > PHYS2500J > Saulo Mendes","252"
"PHYS2500J","","Saulo Mendes","","本人来JI以来上过最烂体验最差的课没有之一","feishu_legacy","true","true","false","","Engineering Foundation / Physics","Engineering Foundation > Physics > PHYS2500J > Saulo Mendes","253"
"PHYS2500J","","Wan Wenjie","","太喜欢光学了","feishu_legacy","true","true","false","","Engineering Foundation / Physics","Engineering Foundation > Physics > PHYS2500J > Wan Wenjie","260"
"PHYS2500J","","Wan Wenjie","","感觉还好？主要考的不算特别难（是需要认真学的），但讲课我承认我没好好听，所以考前快进突击感觉很快（在看了一遍书的前提下）就听完了","feishu_legacy","true","true","false","","Engineering Foundation / Physics","Engineering Foundation > Physics > PHYS2500J > Wan Wenjie","261"
"PHYS2500J","","Wan Wenjie","","我爱你wwj","feishu_legacy","true","true","false","","Engineering Foundation / Physics","Engineering Foundation > Physics > PHYS2500J > Wan Wenjie","262"
"PHYS2500J","","Wan Wenjie","","非常好课程，期中之后一共就去了一节课，考前两天突击就能拿q3（）","feishu_legacy","true","true","false","","Engineering Foundation / Physics","Engineering Foundation > Physics > PHYS2500J > Wan Wenjie","263"
"PHYS2500J","","Wan Wenjie","","万神","feishu_legacy","true","true","false","","Engineering Foundation / Physics","Engineering Foundation > Physics > PHYS2500J > Wan Wenjie","264"
"ENGR1000J","","Li Mian","FA","分队友前记得烧香，不然一学期生不如死。发现队友不对劲早点去找TA发疯也许有救。+1+1","feishu_legacy","true","true","false","","Engineering Foundation / ENGR1000J","Engineering Foundation > ENGR1000J > Li Mian (FA)","274"
"ENGR1000J","","Li Mian","FA","上课可以当科普英语听（bushi），整个课程的内容还是很有趣的，也能自己手搓一些很好玩的东西（前提是要有至少一个可靠的队友和愿意泡在lab里debug的耐心，以及烧掉几块板的心理准备），对自学能力的要求非常高，Game Day最重要的还是速度，别的都只是锦上添花。Report和pre的slides多找TA和professor讨论修改，以及，千万不要在project due的前一周才开始动工","feishu_legacy","true","true","false","","Engineering Foundation / ENGR1000J","Engineering Foundation > ENGR1000J > Li Mian (FA)","275"
"ENGR1000J","","Li Mian","FA","分队友前多烧香吧，不然直接成为来ji第一学期最崩溃的课。不会的赶紧问TA！自己一个人在那里搞真的可以一天毫无进度的。给分也不咋地。","feishu_legacy","true","true","false","","Engineering Foundation / ENGR1000J","Engineering Foundation > ENGR1000J > Li Mian (FA)","276"
"ENGR1000J","","Li Mian","FA","回头看两个project学到的东西其实还挺实用的，可惜给分太糟糕了。","feishu_legacy","true","true","false","","Engineering Foundation / ENGR1000J","Engineering Foundation > ENGR1000J > Li Mian (FA)","277"
"ENGR1000J","","Li Mian","FA","好的队友很重要，建议慎选。有大爹带飞的话会很爽，问题是这是纯粹的小概率随机事件。无论如何，确保你不是拖后腿的那个。","feishu_legacy","true","true","false","","Engineering Foundation / ENGR1000J","Engineering Foundation > ENGR1000J > Li Mian (FA)","278"
"ENGR1000J","","Li Mian","FA","24 fall的给分已经挺不错了","feishu_legacy","true","true","false","","Engineering Foundation / ENGR1000J","Engineering Foundation > ENGR1000J > Li Mian (FA)","279"
"ENGR1000J","","He Yulian","FA","人美心善的hyl 选了就是赚了好吧
神+美神
感觉纯靠自学 但是给分真的好","feishu_legacy","true","true","false","","Engineering Foundation / ENGR1000J","Engineering Foundation > ENGR1000J > He Yulian(FA)","287"
"ENGR1000J","","He Yulian","FA","分队友前请烧香。hyl的评价太好导致这个section卷度
不低，在此背景下如果你的能力资源没有强到带飞整个
组，又不幸地分到几个摆子队友，那么基本可以准备吃
low了。本人能力不算特别突出，组里又有两个半废
人，这门课给我的感受就是越努力越沮丧与无力。或许
这就是group work，这就是工导。","feishu_legacy","true","true","false","","Engineering Foundation / ENGR1000J","Engineering Foundation > ENGR1000J > He Yulian(FA)","288"
"ENGR1000J","","Shane Johnson","SU","分队友前记得烧香，遇到拖延症晚期的果断重开","feishu_legacy","true","true","false","","Engineering Foundation / ENGR1000J","Engineering Foundation > ENGR1000J > Shane Johnson(SU)","294"
"ENGR1000J","","Shane Johnson","SU","前期wkld拉满，体验两个Project双线程工作的刺激。","feishu_legacy","true","true","false","","Engineering Foundation / ENGR1000J","Engineering Foundation > ENGR1000J > Shane Johnson(SU)","295"
"ENGR1000J","","Shane Johnson","SU","不喜欢me的别乱选","feishu_legacy","true","true","false","","Engineering Foundation / ENGR1000J","Engineering Foundation > ENGR1000J > Shane Johnson(SU)","296"
"ENGR1000J","","Shane Johnson","SU","shane人是真的很好，去和他聊天的感觉都很棒。针对这个课的wkld只能说本意是好的，只是执行坏了（","feishu_legacy","true","true","false","","Engineering Foundation / ENGR1000J","Engineering Foundation > ENGR1000J > Shane Johnson(SU)","297"
"ENGR1000J","","Shane Johnson","SU","不喜欢me的请避雷；24SP同学平均水平较高，卷度较去年主观感受大幅提升（project1  high提高近10分），tc部分恶性竞争愈发严重","feishu_legacy","true","true","false","","Engineering Foundation / ENGR1000J","Engineering Foundation > ENGR1000J > Shane Johnson(SU)","298"
"ENGR1000J","","Milias Liu","SU","神","feishu_legacy","true","true","false","","Engineering Foundation / ENGR1000J","Engineering Foundation > ENGR1000J > Milias Liu(SU)","306"
"ENGR1000J","","Milias Liu","SU","帅，wlkd很小，很有意思","feishu_legacy","true","true","false","","Engineering Foundation / ENGR1000J","Engineering Foundation > ENGR1000J > Milias Liu(SU)","307"
"ENGR1000J","","Milias Liu","SU","感觉这个得选其他section的对比了写😋😋","feishu_legacy","true","true","false","","Engineering Foundation / ENGR1000J","Engineering Foundation > ENGR1000J > Milias Liu(SU)","308"
"ENGR1000J","","Milias Liu","SU","盯好自己的project，别让它逃走了","feishu_legacy","true","true","false","","Engineering Foundation / ENGR1000J","Engineering Foundation > ENGR1000J > Milias Liu(SU)","309"
"ENGR1000J","","Milias Liu","SU","wkld小，那就好了","feishu_legacy","true","true","false","","Engineering Foundation / ENGR1000J","Engineering Foundation > ENGR1000J > Milias Liu(SU)","310"
"ENGR1000J","","Manuel Charlamagne","SU","哈哈。这是一个tech和tc完全脱节的课，马牛的想法很好，但是对这门课的评价请以对这个课的tech com教授其他课的评价为主（mn都不止一次抱怨过nate is completely lost）。如果真来了请抱紧马牛大腿。","feishu_legacy","true","true","false","","Engineering Foundation / ENGR1000J","Engineering Foundation > ENGR1000J > Manuel Charlamagne(SU)","318"
"ENGR1000J","","Manuel Charlamagne","SU","比起游戏，这个课更重要的是职场软件开发。可以改名叫大学生就业指导……","feishu_legacy","true","true","false","","Engineering Foundation / ENGR1000J","Engineering Foundation > ENGR1000J > Manuel Charlamagne(SU)","319"
"ENGR1000J","","Manuel Charlamagne","SU","wkld>8学分的wkld。各种恶心的deduction让我对SE彻底失去兴趣。","feishu_legacy","true","true","false","","Engineering Foundation / ENGR1000J","Engineering Foundation > ENGR1000J > Manuel Charlamagne(SU)","320"
"ENGR1000J","","Manuel Charlamagne","SU","谁懂啊，一个真的会踢人的课。以为写tc也ok，结果code贡献低直接p1完被飞了（）srds，还是能学到有用的东西的（肯定不是elm啦）","feishu_legacy","true","true","false","","Engineering Foundation / ENGR1000J","Engineering Foundation > ENGR1000J > Manuel Charlamagne(SU)","321"
"ENGR1000J","","Manuel Charlamagne","SU","能学到大量有用的东西，但wkld会超过你选的其他所有课的总和。没有靠谱队友建议选择其他section。","feishu_legacy","true","true","false","","Engineering Foundation / ENGR1000J","Engineering Foundation > ENGR1000J > Manuel Charlamagne(SU)","322"
"ENGR1000J","","Manuel Charlamagne","SU","别看了，快快去刷commit :D","feishu_legacy","true","true","false","","Engineering Foundation / ENGR1000J","Engineering Foundation > ENGR1000J > Manuel Charlamagne(SU)","323"
"ENGR1000J","","Manuel Charlamagne","SU","有非常多不算分的细节，跟日后工作一样(没做到会有deduction)","feishu_legacy","true","true","false","","Engineering Foundation / ENGR1000J","Engineering Foundation > ENGR1000J > Manuel Charlamagne(SU)","324"
"ENGR1000J","","Manuel Charlamagne","SU","做游戏十分有意思，但得把控好和其他课的时间的平衡:-)","feishu_legacy","true","true","false","","Engineering Foundation / ENGR1000J","Engineering Foundation > ENGR1000J > Manuel Charlamagne(SU)","325"
"ENGR1000J","","Manuel Charlamagne","SU","参考：优秀的project2游戏可能需要平均每人大约大几千到1万行代码
不过优秀的分数并不完全等于优秀的游戏，tech只占一半。","feishu_legacy","true","true","false","","Engineering Foundation / ENGR1000J","Engineering Foundation > ENGR1000J > Manuel Charlamagne(SU)","326"
"ENGR1000J","","Yanfeng Shen","SU","老师人很好 虽然过程很痛苦 但是最后expo的时候给小孩玩玩还是挺开心的","feishu_legacy","true","true","false","","Engineering Foundation / ENGR1000J","Engineering Foundation > ENGR1000J > Yanfeng Shen(SU)","332"
"ENGR1000J","","Yanfeng Shen","SU","整体来说工作量还是不小的，关键是同龄人太卷了。但是从根本上来看，syf还是很好的老师，上课非常有激情。给分算是正常。","feishu_legacy","true","true","false","","Engineering Foundation / ENGR1000J","Engineering Foundation > ENGR1000J > Yanfeng Shen(SU)","333"
"ENGR1000J","","Yanfeng Shen","SU","如此好的老师值得推荐给每一个学生(*^_^*)","feishu_legacy","true","true","false","","Engineering Foundation / ENGR1000J","Engineering Foundation > ENGR1000J > Yanfeng Shen(SU)","334"
"ENGR1000J","","Hanyang Zhuang","SU","庄老师现在是副研究员，刚开始上工程导论，本人在庄老师这里做过一点科研（不是ta），就科研而言人还是非常nice～的。工导的话就静候大家的评价了","feishu_legacy","true","true","false","","Engineering Foundation / ENGR1000J","Engineering Foundation > ENGR1000J > Hanyang Zhuang (SU)","341"
"ENGR1010J","","Xiaodong Wei","FA","Xiaodong==好！！ 给分相当的好，prof人也非常nice，交流过程非常的舒适，如果自认为没那么有cs天赋的话强推来选！","feishu_legacy","true","true","false","","Engineering Foundation / ENGR1010J","Engineering Foundation > ENGR1010J > Xiaodong Wei (FA)","350"
"ENGR1010J","","Xiaodong Wei","FA","＝好","feishu_legacy","true","true","false","","Engineering Foundation / ENGR1010J","Engineering Foundation > ENGR1010J > Xiaodong Wei (FA)","351"
"ENGR1010J","","Xiaodong Wei","FA","TA神中神，如果长时间还de不出bug可以直接去OH请TA帮忙，TA也都很耐心，甚至还经常为我们无私加班，而且RC课也讲了很多很实用的技巧以及处理问题的思路，也对我帮助很大。虽然对于纯新手来说wkld极大，过程会很痛苦但是也能够顺利survive。唯一的槽点是感觉lecture速度很快，听不懂，不过感觉这门课主要靠的就是写作业而不是lecture。","feishu_legacy","true","true","false","","Engineering Foundation / ENGR1010J","Engineering Foundation > ENGR1010J > Xiaodong Wei (FA)","352"
"ENGR1010J","","Xiaodong Wei","FA","挺好的，给分好TA好RC好lab好，体验感好","feishu_legacy","true","true","false","","Engineering Foundation / ENGR1010J","Engineering Foundation > ENGR1010J > Xiaodong Wei (FA)","353"
"ENGR1010J","","Xiaodong Wei","FA","帅","feishu_legacy","true","true","false","","Engineering Foundation / ENGR1010J","Engineering Foundation > ENGR1010J > Xiaodong Wei (FA)","354"
"ENGR1010J","","Jigang Wu","FA","特别好老师，特别好课","feishu_legacy","true","true","false","","Engineering Foundation / ENGR1010J","Engineering Foundation > ENGR1010J > Jigang Wu (FA)","362"
"ENGR1010J","","Jigang Wu","FA","非常慈祥和气的教授 :)","feishu_legacy","true","true","false","","Engineering Foundation / ENGR1010J","Engineering Foundation > ENGR1010J > Jigang Wu (FA)","363"
"ENGR1010J","","Jigang Wu","FA","小天使🥺","feishu_legacy","true","true","false","","Engineering Foundation / ENGR1010J","Engineering Foundation > ENGR1010J > Jigang Wu (FA)","364"
"ENGR1010J","","Jigang Wu","FA","神","feishu_legacy","true","true","false","","Engineering Foundation / ENGR1010J","Engineering Foundation > ENGR1010J > Jigang Wu (FA)","365"
"ENGR1010J","","Yifei Zhu","SU","介于101与151之间，在matlab上某些内容高于151。讲得很慢，但会给人一种白忙活的感觉，个人建议听lecture不如听lab","feishu_legacy","true","true","false","","Engineering Foundation / ENGR1010J","Engineering Foundation > ENGR1010J > Yifei Zhu (SU)","372"
"ENGR1010J","","Yifei Zhu","SU","lab里有些东西很好 看上去在跟151接轨（不知道是不是学习了MIT的missing semester）wkld适中。但感觉听课作用没想象中那么大","feishu_legacy","true","true","false","","Engineering Foundation / ENGR1010J","Engineering Foundation > ENGR1010J > Yifei Zhu (SU)","373"
"ENGR1010J","","Yifei Zhu","SU","他好像讲了很多东西但是又好像什么都没讲 所以他每节课那么多时间都在干嘛。。。","feishu_legacy","true","true","false","","Engineering Foundation / ENGR1010J","Engineering Foundation > ENGR1010J > Yifei Zhu (SU)","374"
"ENGR1010J","","Yifei Zhu","SU","快跑！一定要在秋季上掉机导不然准备夏季接受最逆天的机导sec，号称101却妄图把难度上升到151，课件完全复制马老师，却从没考虑过学生水平和需求。考试难度极为不稳定，基本看个人能力和造化。lab难度纯纯离谱，堪称答案抄写大会，如果耐心做了还有极大可能对考试毫无帮助。最后由于教学赶不上进度还取消了C的project。教师常常将自己与马老师相比较，遗憾，缺乏自知之明！","feishu_legacy","true","true","true","image_removed","Engineering Foundation / ENGR1010J","Engineering Foundation > ENGR1010J > Yifei Zhu (SU)","375"
"ENGR1010J","","Yifei Zhu","SU","如果你认为自己无法做到在六周时间里学好C，在两周时间里学好C++，那么建议慎选。如果很不幸，你选了这门课而且还被录了，那么记得抱紧TA的大腿，Lab一定要好好上，还有就是多用Matlab Cody和Leetcode训练，敲代码这事儿还得多练。","feishu_legacy","true","true","false","","Engineering Foundation / ENGR1010J","Engineering Foundation > ENGR1010J > Yifei Zhu (SU)","376"
"ENGR1010J","","Yifei Zhu","SU","这是ENGR131的含金量","feishu_legacy","true","true","false","","Engineering Foundation / ENGR1010J","Engineering Foundation > ENGR1010J > Yifei Zhu (SU)","377"
"ENGR1510J","","Manuel Charlemagne","","都来上，不上151的有难了，或者可以考虑夏季101。秋季101别去，你学不到任何东西，然后在280被薄纱","feishu_legacy","true","true","false","","Engineering Foundation / ENGR1510J","Engineering Foundation > ENGR1510J","387"
"ENGR1510J","","Manuel Charlemagne","","亲测零基础可冲，虽然要花费巨大的时间，但是个人感觉学完151基本上就可以说学会该怎么学编程语言了，而且作为新手能做出那三个project成就感拉满了，借用当时我的ta的一句话“there will be many 'aha I've learned this in vg151' moments in your later studies""，总之感觉151让我从不想学码转为坚定学码","feishu_legacy","true","true","false","","Engineering Foundation / ENGR1510J","Engineering Foundation > ENGR1510J","388"
"ENGR1510J","","Manuel Charlemagne","","（然后mn100又能把人从坚定学码踢回去……）","feishu_legacy","true","true","false","","Engineering Foundation / ENGR1510J","Engineering Foundation > ENGR1510J","389"
"ENGR1510J","","Manuel Charlemagne","","吃TA配置","feishu_legacy","true","true","false","","Engineering Foundation / ENGR1510J","Engineering Foundation > ENGR1510J","390"
"ENGR1510J","","Manuel Charlemagne","","零基础可冲，只要你喜欢码代码。wkld的确大，但是能打下坚实的代码基础。马牛讲的代码的原理真的不错","feishu_legacy","true","true","false","","Engineering Foundation / ENGR1510J","Engineering Foundation > ENGR1510J","391"
"ENGR1510J","","Manuel Charlemagne","","培养的是工程师，而不是对coding本身或者对做项目感兴趣的人","feishu_legacy","true","true","false","","Engineering Foundation / ENGR1510J","Engineering Foundation > ENGR1510J","392"
"ENGR1510J","","Manuel Charlemagne","","牛牛教得不是编程语言，而是怎么编程（code quality！）","feishu_legacy","true","true","false","","Engineering Foundation / ENGR1510J","Engineering Foundation > ENGR1510J","393"
"ENGR1510J","","Manuel Charlemagne","","对编程细节要求很多，难度没有想象中的恐怖，不过wkld是真大（）","feishu_legacy","true","true","false","","Engineering Foundation / ENGR1510J","Engineering Foundation > ENGR1510J","394"
"ENGR1510J","","Manuel Charlemagne","","个人经历，wkld大于其他所有科目之和的数倍，小心点","feishu_legacy","true","true","false","","Engineering Foundation / ENGR1510J","Engineering Foundation > ENGR1510J","395"
"CHEM2100J","","Ting Sun","","孙老师人特别好！强烈建议来报！上课讲的也很清楚。","feishu_legacy","true","true","false","","Engineering Foundation / CHEM2100J","Engineering Foundation > CHEM2100J > Ting Sun","405"
"CHEM2100J","","Ting Sun","","超爱Sunting！！！！slides和lecture都很清晰！！下课答疑也超负责的！","feishu_legacy","true","true","false","","Engineering Foundation / CHEM2100J","Engineering Foundation > CHEM2100J > Ting Sun","406"
"CHEM2100J","","Ting Sun","","课可以不来，但是别忘了quiz","feishu_legacy","true","true","false","","Engineering Foundation / CHEM2100J","Engineering Foundation > CHEM2100J > Ting Sun","407"
"CHEM2100J","","Ting Sun","","非常好的老师！课堂和课后都很清晰，英语基本没有口音且课下支持中文","feishu_legacy","true","true","false","","Engineering Foundation / CHEM2100J","Engineering Foundation > CHEM2100J > Ting Sun","408"
"CHEM2100J","","Milias Liu","","Sponge bob and Patrick印象深刻","feishu_legacy","true","true","false","","Engineering Foundation / CHEM2100J","Engineering Foundation > CHEM2100J > Milias Liu","415"
"CHEM2100J","","Milias Liu","","是非常有意思的prof，会讲各种德国笑话以及化学笑话，不过大概更适合化学选考生","feishu_legacy","true","true","false","","Engineering Foundation / CHEM2100J","Engineering Foundation > CHEM2100J > Milias Liu","416"
"CHEM2100J","","Milias Liu","","神+帅神","feishu_legacy","true","true","false","","Engineering Foundation / CHEM2100J","Engineering Foundation > CHEM2100J > Milias Liu","417"
"CHEM2100J","","Milias Liu","","我喜欢你
accent 特别舒服的老师 建议好好玩","feishu_legacy","true","true","false","","Engineering Foundation / CHEM2100J","Engineering Foundation > CHEM2100J > Milias Liu","418"
"CHEM2100J","","Milias Liu","","好好学吧，上课认真听，作业认真做应该是没有问题的，而且Milias的课从不无聊。","feishu_legacy","true","true","false","","Engineering Foundation / CHEM2100J","Engineering Foundation > CHEM2100J > Milias Liu","419"
"CHEM2100J","","Milias Liu","","老师人真的好！人也有趣，很多德国笑话，爱了","feishu_legacy","true","true","false","","Engineering Foundation / CHEM2100J","Engineering Foundation > CHEM2100J > Milias Liu","420"
"CHEM2110J","","Milias Liu","","这门课没有变成general elective是最大的问题。","feishu_legacy","true","true","false","","Engineering Foundation / CHEM2110J","Engineering Foundation > CHEM2110J","428"
"CHEM2110J","","Milias Liu","","不要对实验课有太多幻想。不论是物理还是化学，都要做好1学分的课，却有4学分以上wkld的准备","feishu_legacy","true","true","false","","Engineering Foundation / CHEM2110J","Engineering Foundation > CHEM2110J","429"
"CHEM2110J","","Milias Liu","","金课","feishu_legacy","true","true","false","","Engineering Foundation / CHEM2110J","Engineering Foundation > CHEM2110J","430"
"CHEM2110J","","Milias Liu","","化学实验的报告比物理实验好写很多，也更好拿分，但是会有一个实验考。好处是这玩意在春季学期。","feishu_legacy","true","true","false","","Engineering Foundation / CHEM2110J","Engineering Foundation > CHEM2110J","431"
"CHEM2110J","","Milias Liu","","金水课，不过给分不错","feishu_legacy","true","true","false","","Engineering Foundation / CHEM2110J","Engineering Foundation > CHEM2110J","432"
"PHYS1410J","","Yuxing Wang","","😅","feishu_legacy","true","true","false","","Engineering Foundation / VP1410J","Engineering Foundation > VP1410J","439"
"PHYS1410J","","Yuxing Wang","","你没得选。","feishu_legacy","true","true","false","","Engineering Foundation / VP1410J","Engineering Foundation > VP1410J","440"
"PHYS1410J","","Yuxing Wang","","不要对实验课有太多幻想。不论是物理还是化学，都要做好1学分的课，却有4学分以上wkld的准备","feishu_legacy","true","true","false","","Engineering Foundation / VP1410J","Engineering Foundation > VP1410J","441"
"PHYS1410J","","Yuxing Wang","","***hub 合理利用资源","feishu_legacy","true","true","false","","Engineering Foundation / VP1410J","Engineering Foundation > VP1410J","442"
"PHYS1410J","","Yuxing Wang","","金课","feishu_legacy","true","true","false","","Engineering Foundation / VP1410J","Engineering Foundation > VP1410J","443"
"PHYS1410J","","Yuxing Wang","","交大金课，不得不品尝的一环","feishu_legacy","true","true","false","","Engineering Foundation / VP1410J","Engineering Foundation > VP1410J","444"
"PHYS1410J","","Yuxing Wang","","压力比化学实验大太多了，在工导/计导、数学、物理的轮番轰炸之下还得花上差不多一天的时间写报告，建议做好心理准备。","feishu_legacy","true","true","false","","Engineering Foundation / VP1410J","Engineering Foundation > VP1410J","445"
"PHYS1410J","","Yuxing Wang","","没化学实验好玩","feishu_legacy","true","true","false","","Engineering Foundation / VP1410J","Engineering Foundation > VP1410J","446"
"ENGL1000J","","Ryan Thorpe","","美式幽默，演讲水平一流","feishu_legacy","true","true","false","","Academic Writing","Academic Writing > Ryan > VY100","458"
"ENGL1000J","","Ryan Thorpe","","神中神神中神神中神神中神神中神神中神神中神神中神神中神神中神神中神我永远爱Ryan","feishu_legacy","true","true","false","","Academic Writing","Academic Writing > Ryan > VY100","459"
"ENGL1000J","","Ryan Thorpe","","可以学到很多ART，OH和Ryan聊天很有意思。给分也不错","feishu_legacy","true","true","false","","Academic Writing","Academic Writing > Ryan > VY100","460"
"ENGL1000J","","Ryan Thorpe","","很强很天才的老师，上课可以听他精彩的人生故事\&人生建议","feishu_legacy","true","true","false","","Academic Writing","Academic Writing > Ryan > VY100","461"
"ENGL1000J","","Ryan Thorpe","","JI writing center的指导老师。个人非常喜欢他所要求的文章风格。核心就是文章写的要有逻辑，每一句的存在都要有道理。","feishu_legacy","true","true","false","","Academic Writing","Academic Writing > Ryan > VY100","462"
"ENGL1000J","","Ryan Thorpe","","写作这个东西从根本上，要么有悟性天赋，要么就要有努力。尽可能早地开始，然后找他改文章，会收获不错的结果。毕竟他就是裁判。","feishu_legacy","true","true","false","","Academic Writing","Academic Writing > Ryan > VY100","463"
"ENGL1000J","","Ryan Thorpe","","特别有趣幽默的老师，个人觉得上课风格十分张弛有度，在秋季和春季其他课的狂轰滥炸中听他的课是一种享受。VY100中的几个课件也对后面整个写作有很大的帮助。","feishu_legacy","true","true","false","","Academic Writing","Academic Writing > Ryan > VY100","464"
"ENGL2000J","","Ryan Thorpe","","明年会有新主题，vy200比vy100需要的research更多，但也会更有意思，Ryan的课永远那么有趣，workload不大给分也不错","feishu_legacy","true","true","false","","Academic Writing","Academic Writing > Ryan > VY200","472"
"ENGL2000J","","Ryan Thorpe","","Ryan文章给分会比较主观，主要看你的文章合不合他胃口，相对来说ta给分会好很多","feishu_legacy","true","true","false","","Academic Writing","Academic Writing > Ryan > VY200","473"
"ENGL2000J","","Ryan Thorpe","","workload很大，但给分不一定有Joelle好","feishu_legacy","true","true","false","","Academic Writing","Academic Writing > Ryan > VY200","474"
"ENGL2000J","","Ryan Thorpe","","Ryan神中神。需要看一下你的文章风格与他喜欢的是否符合，上过他的VY100的话体验感会好一些","feishu_legacy","true","true","false","","Academic Writing","Academic Writing > Ryan > VY200","475"
"ENGL2000J","","Ryan Thorpe","","wkld巨大无比","feishu_legacy","true","true","false","","Academic Writing","Academic Writing > Ryan > VY200","476"
"ENGL2000J","","Ryan Thorpe","","谁家好老师愚人节带你到户外采景写随笔，给你讲故事呢？是Ryan啊(25sp)","feishu_legacy","true","true","false","","Academic Writing","Academic Writing > Ryan > VY200","477"
"ENGL1000J","","Andrew Yang","","基本可以说会当ay的TA了 个人感觉ay的vy100学到的东西是不仅局限于vy100的 比如多用interpretive sentence的习惯基本上贯穿了我所有写作作业 不管是rpt还是后面选的engl2050的creative exposition 以及ay上课真的很有表现力 而且真的能让人动起来脑子 不过ay非常重视文章和思维的逻辑性和严谨性 如果写文章的时候一定要多问问自己 A是否能推出B B是否能推出C
并不同意这门课就是文学鉴赏，其实要把这门课上明白是有难度的（不过客观来说ay在23Fall的给分确实太差了 导致大家确实有怨言），这门课的精髓在于教你怎么把话说明白说严谨，让你的文章读起来非常clear，包括什么时候该cite supporting evidence，什么样的文章和段落才是coherent的（这大概是最重要的一点)，总之如果这门课上明白了后面的vy200(cui section)的pre和大多数文章，甚至是化学lab rpt基本都是比较轻松就能拿很高分的","feishu_legacy","true","true","false","","Academic Writing","Academic Writing > Andrew Yang > VY100","487"
"ENGL1000J","","Andrew Yang","","自由的好课，是可以发表自己的看法的。","feishu_legacy","true","true","false","","Academic Writing","Academic Writing > Andrew Yang > VY100","488"
"ENGL1000J","","Andrew Yang","","22级给分很好，23级给分有明显下降趋势。对这个方面有顾虑的同学，又对小说不感兴趣的请谨慎考虑。老师确实是好老师。","feishu_legacy","true","true","false","","Academic Writing","Academic Writing > Andrew Yang > VY100","489"
"ENGL1000J","","Andrew Yang","","老师人很好，课也上得非常有趣，以及会普及很多非常有用的概念，wkld也不大。除了给分烂之外其它方面堪称完美。如果不是特别在意给分的可以考虑一下。","feishu_legacy","true","true","false","","Academic Writing","Academic Writing > Andrew Yang > VY100","490"
"ENGL1000J","","Andrew Yang","","ay的课真得见仁见智吧。例如我写的东西他一直都不喜欢，我也难以get到ay很多抽象的作业要求，不过人挺有趣倒是真的，可惜给分真不太好","feishu_legacy","true","true","false","","Academic Writing","Academic Writing > Andrew Yang > VY100","491"
"ENGL1000J","","Andrew Yang","","老师发音清晰，语速不快，workload不大。
神","feishu_legacy","true","true","false","","Academic Writing","Academic Writing > Andrew Yang > VY100","492"
"ENGL1000J","","Andrew Yang","","对于文学鉴赏功底很烂的同学，会是一门wkld很大给分很烂的课","feishu_legacy","true","true","false","","Academic Writing","Academic Writing > Andrew Yang > VY100","493"
"ENGL1000J","","Andrew Yang","","纯纯的文学鉴赏课，和学术方面的写作没有一根毛的关系，不知道为什么要放在第一个学期上","feishu_legacy","true","true","false","","Academic Writing","Academic Writing > Andrew Yang > VY100","494"
"ENGL1000J","","Andrew Yang","","和academic writing无关，ay上课不是很有组织性，可能课下要花些时间整理。wkld还行。","feishu_legacy","true","true","false","","Academic Writing","Academic Writing > Andrew Yang > VY100","495"
"ENGL2000J","","Andrew Yang","","workload还行，别叠起来就行，他是振动式添加workload的","feishu_legacy","true","true","false","","Academic Writing","Academic Writing > Andrew Yang > VY200","503"
"ENGL2000J","","Andrew Yang","","AY人非常好，上课很幽默，表演天赋极强，美术功底欠佳。课下回答问题也非常负责，经常自己已经听懂想走了，他却还在给你举例子解释。2000的课区别于1000就是新的知识量比较大（Asian American相关），但是个人觉得如果感兴趣，还是挺有意思的。唯一的缺陷确实是给分...","feishu_legacy","true","true","false","","Academic Writing","Academic Writing > Andrew Yang > VY200","504"
"ENGL2000J","","Andrew Yang","","给分可以的，多跟老师互动，AY人很好，有问必答，喜欢聊天","feishu_legacy","true","true","false","","Academic Writing","Academic Writing > Andrew Yang > VY200","505"
"ENGL1000J","","Kim","","Kim人和给分很好，文章的内容偏正式，但是可能文章完成和修改的过程可能比较辛苦。如果选了Kim的课可以多去和Kim聊聊天","feishu_legacy","true","true","false","","Academic Writing","Academic Writing > Kim > VY100","514"
"ENGL1000J","","Kim","","wkld大到数一数二，给分很好，policy清晰无争议。debate，pre，essay是真的能学到东西。Kim人也很好，OH可以和她自由唠嗑。强推。","feishu_legacy","true","true","false","","Academic Writing","Academic Writing > Kim > VY100","515"
"ENGL1000J","","Kim","","Kim真的，多去找她，start early，多改，基本上就是努力=收获","feishu_legacy","true","true","false","","Academic Writing","Academic Writing > Kim > VY100","516"
"ENGL1000J","","Kim","","建议选了186和151什么的就别选kim了","feishu_legacy","true","true","false","","Academic Writing","Academic Writing > Kim > VY100","517"
"ENGL2000J","","Kim","","可以学到很多东西 但是要做好wkld是其它section3倍的准备。Kim人很好","feishu_legacy","true","true","false","","Academic Writing","Academic Writing > Kim > VY200","524"
"ENGL2000J","","Kim","","99%努力+1%努力=A+","feishu_legacy","true","true","false","","Academic Writing","Academic Writing > Kim > VY200","525"
"ENGL2000J","","Kim","","wkld是真的很大，但给分也是真的很好。Kim人很好，每次feishu问问题","feishu_legacy","true","true","false","","Academic Writing","Academic Writing > Kim > VY200","526"
"ENGL2000J","","Kim","","依稀记得期末9000+的paper，但是写完是真有成就感，而且给分也好(作为上过kim两件套的人，已经熟练掌握kim的套路喜好，目测给分VY200>VY100)。
Note：Kim的OH非常难抢（尤其是paper的due前），能做到十几个位置秒空，看到消息点进去，没了","feishu_legacy","true","true","false","","Academic Writing","Academic Writing > Kim > VY200","527"
"ENGL2000J","","Kim","","对wkld要有心理准备。卷怪很多。花的时间已经超出我对这门课的预期了。
慎重选择！慎重选择！慎重选择！","feishu_legacy","true","true","false","","Academic Writing","Academic Writing > Kim > VY200","528"
"ENGL2000J","","Kim","","建议作风严谨的卷王选。非常过程控制。上课很难摸鱼，动不动就有分组讨论/点人回答问题，听pre/debate都要写观后感。对拖延症不太友好（相较于ryan）。","feishu_legacy","true","true","false","","Academic Writing","Academic Writing > Kim > VY200","529"
"ENGL2000J","","Kim","","wkld真的很大，选了vy不建议再选很多硬课+人文课，会过的比较痛苦。真的就是start early","feishu_legacy","true","true","false","","Academic Writing","Academic Writing > Kim > VY200","530"
"ENGL2000J","","Kim","","wkld=1.5 MATH2140J(个人感受","feishu_legacy","true","true","false","","Academic Writing","Academic Writing > Kim > VY200","531"
"ENGL1000J","","Joelle","","e人冲！上课请积极发言，Joelle会在自己的电脑上记录所有回答问题的人。Reading Journal是“为了养成你们阅读的习惯（原话）” 还是要认真对待一下的（可以问问TA有什么速通策略，写多了就懂了）。小饼干好吃！而且是美国的小饼干，口味会不一样哦","feishu_legacy","true","true","false","","Academic Writing","Academic Writing > Joelle > VY100","540"
"ENGL1000J","","Joelle","","评价是i人地狱……","feishu_legacy","true","true","false","","Academic Writing","Academic Writing > Joelle > VY100","541"
"ENGL1000J","","Joelle","","（我什么也不知道，我只知道吃吃吃）E人天堂，暴力curve对绩点党也很友好
---
前TA报道，评价是I人也能取得不错的成绩，虽然上课发言就是会紧张，但是个人兴趣点在100上能够和Joelle重合，我俩都对gender感兴趣，反正最后我第二篇和final essay都是和gender有关的话题，但是不感兴趣的同学别强求","feishu_legacy","true","true","false","","Academic Writing","Academic Writing > Joelle > VY100","542"
"ENGL1000J","","Joelle","","我室友选了她的100，至今心有余悸   附议","feishu_legacy","true","true","false","","Academic Writing","Academic Writing > Joelle > VY100","543"
"ENGL1000J","","Joelle","","这里可以说脏话吗？不可以？ 那我没什么好说的","feishu_legacy","true","true","false","","Academic Writing","Academic Writing > Joelle > VY100","544"
"ENGL1000J","","Joelle","","由于JI二手群对Joelle“给分差”的评价，Joelle sec同学的平均水平几乎是全部vy中最低的，因此反而可能更容易拿高分。本人vy100 Joelle，vy200 Misha，明显感觉vy200由于老师风评较好，同学平均水平较vy100大幅提高，拿高分反而变得更加困难。因此，选择冷门的老师也不失为一种拿高分的策略。","feishu_legacy","true","true","false","","Academic Writing","Academic Writing > Joelle > VY100","545"
"ENGL1000J","","Joelle","","一定要多说话！一定要多发言！只要你能够鼓起勇气，上Joelle的课会非常有意思，而且对于自信心也是很大的提升。
再补充一点，我一直以为Joelle的Workload很大，直到我和同寝室上其他section的哥们交流了一下，然后才发现Joelle的Workload真的很小了（
再补充一点，我大一的时候就是冲着小饼干来的，事实证明我来得不亏（","feishu_legacy","true","true","false","","Academic Writing","Academic Writing > Joelle > VY100","546"
"ENGL1000J","","Joelle","","Cookie好吃","feishu_legacy","true","true","false","","Academic Writing","Academic Writing > Joelle > VY100","547"
"ENGL2000J","","Joelle","","还是e人冲！参与课堂互动依然是出勤分数的很大一部分，但是wkld小了很多。评价为能学到东西的wkld地下室~","feishu_legacy","true","true","false","","Academic Writing","Academic Writing > Joelle > VY200","555"
"ENGL2000J","","Joelle","","想吃小饼干的来","feishu_legacy","true","true","false","","Academic Writing","Academic Writing > Joelle > VY200","556"
"ENGL2000J","","Joelle","","擅长discussion和pre的人大胆冲～","feishu_legacy","true","true","false","","Academic Writing","Academic Writing > Joelle > VY200","557"
"ENGL2000J","","Joelle","","老师很善于理解同学的意思，和老师交流很顺利~","feishu_legacy","true","true","false","","Academic Writing","Academic Writing > Joelle > VY200","558"
"ENGL2000J","","Joelle","","我室友选她的200，挂了","feishu_legacy","true","true","false","","Academic Writing","Academic Writing > Joelle > VY200","559"
"ENGL2000J","","Joelle","","没有了reading journal后wkld确实小了，上课还是挺有趣的~","feishu_legacy","true","true","false","","Academic Writing","Academic Writing > Joelle > VY200","560"
"ENGL2000J","","Joelle","","感觉比Joelle的VY100工作量小很多（主要是不需要做Reading Journal了），约等于半个水课（","feishu_legacy","true","true","false","","Academic Writing","Academic Writing > Joelle > VY200","561"
"ENGL1000J","","Christina Cui","","敬请期待","feishu_legacy","true","true","false","","Academic Writing","Academic Writing > Christina Cui > VY100","571"
"ENGL1000J","","Christina Cui","","只知道主题会是童话故事","feishu_legacy","true","true","false","","Academic Writing","Academic Writing > Christina Cui > VY100","572"
"ENGL1000J","","Christina Cui","","主题是儿童文学，有个读书小组活动，读同一本书的人一组做presentation，pre结束之后还会有小组一起参与的内容
上课鼓励回答问题且有互动分，但是不会强制回答的，i人不至于被劝退
wkld总体应该是小的，自己可以调节，一些文章是每个人自己去找感兴趣的内容来读（还挺考验找资料能力的）
老师人非常友善，基本都会鼓励你，而且私下可以中文沟通，最后一节课还发了小礼物","feishu_legacy","true","true","false","","Academic Writing","Academic Writing > Christina Cui > VY100","573"
"ENGL1000J","","Christina Cui","","我愿称之为唯一真神","feishu_legacy","true","true","false","","Academic Writing","Academic Writing > Christina Cui > VY100","574"
"ENGL2000J","","Christina Cui","","给分好 wkld小 cui很重视pre 会有很多上课的improvisation 有些graded有些ungraded 但是能感觉到cui上课真的很用心了","feishu_legacy","true","true","false","","Academic Writing","Academic Writing > Christina Cui > VY200","581"
"ENGL2000J","","Christina Cui","","崔神伟大无需多言。wkld小，给分好（虽然不知道下一届趋势会不会改变）。非常注重groupwork，鼓励积极发言互动；对于reference citation拥有独到见解，甚至会介绍mendeley等自动整理文献的软件，极为实用；论文的格式比较特殊，虽然个人感觉和正统的MLA格式有点细微差别，不知道会不会在之后的VY系列课程中有所改变。课程主题是科幻小说，sci-fi爱好者可以无脑入坑（bushi。23届普及到海底两万里、neuromancer和三体三本书，不过普遍反映读起来wkld比较大，不知道下一届会不会缩减内容。","feishu_legacy","true","true","false","","Academic Writing","Academic Writing > Christina Cui > VY200","582"
"ENGL2000J","","Christina Cui","","你永远可以相信新老师捏，大作业几乎只有一篇文章，个人来说就稍微修改了一下。在没怎么花精力的情况下拿了A-，真的很符合我理想中的vy！","feishu_legacy","true","true","false","","Academic Writing","Academic Writing > Christina Cui > VY200","583"
"ENGL2000J","","Christina Cui","","崔神伟大，wkld小给分也不差，可以大胆在春季学期加额外的课。注重groupwork以及pre，真的是能提升pre水平的一节课，强推！","feishu_legacy","true","true","false","","Academic Writing","Academic Writing > Christina Cui > VY200","584"
"ENGL2000J","","Christina Cui","","个人100AY 200Cui，课程体验Cui的200要比ay的100好很多，wkld\>AY。本人在ay的100中付出了大量精力，但是得到的分数却非常的难看。而在Cui200中，感觉没花特别多时间就取得了对于自己来说很满意的成绩。以及虽然小组pre很多，还有即兴pre和个人pre，（这点确实有点看小组组员，但对分数影响不大，很幸运我当时的组员都很好，在后续的其他作业中我们也有互相交流，也带来了帮助），但是对于i人的体验来说是比别的教授好很多的，上课并不需要你特别active，一直去抢答问题，硬着头皮干自己不喜欢的事情，只需要能够回答出老师专门问你的问题就行，最后participation points所有人都是满分。而且对于洋文不好的，不喜欢说洋文的同学，课下问问题或者请老师看文章都可以直接用中文交流，交流效率也远高于之前用洋文交流.","feishu_legacy","true","true","false","","Academic Writing","Academic Writing > Christina Cui > VY200","585"
"ENGL2000J","","Christina Cui","","""个人100AY 200Cui，课程体验Cui的200要比ay的100好很多，wkld\>AY。本人在ay的100中付出了大量精力，但是得到的分数却非常的难看。而在Cui200中，感觉没花特别多时间就取得了对于自己来说很满意的成绩"" +1, 以及帮室友+1","feishu_legacy","true","true","false","","Academic Writing","Academic Writing > Christina Cui > VY200","586"
"ENGL2000J","","Christina Cui","","楼上+1，甚至是Kim 100. 再也没有Kim 100那种坐在ylm改文章改了一整天然后并不能取得一个满意的分数的感觉了，而且prof非常尊重个人的想法和爱好。但是感觉学到的知识并不如Kim 100的多（甚至有一种prof讲课的内容是K

im 100的子集的感觉）总之还是强推的","feishu_legacy","true","true","false","","Academic Writing","Academic Writing > Christina Cui > VY200","587"
"ENGL2000J","","Christina Cui","","Cui神是真会捞你","feishu_legacy","true","true","false","","Academic Writing","Academic Writing > Christina Cui > VY200","588"
"ENGL2000J","","Christina Cui","","伟大","feishu_legacy","true","true","false","","Academic Writing","Academic Writing > Christina Cui > VY200","589"
"ENGL2000J","","Christina Cui","","wkld小，但是上课不主动回答问题的话，participation包拿low的。","feishu_legacy","true","true","false","","Academic Writing","Academic Writing > Christina Cui > VY200","590"
"ENGL1000J","","Michelle","","已离职 不知道后面还会不会回来代课","feishu_legacy","true","true","false","","Academic Writing","Academic Writing > Michelle > VY100","599"
"ENGL1000J","","Michelle","","已离职，wkld很小，给分很好，白捡的学分","feishu_legacy","true","true","false","","Academic Writing","Academic Writing > Michelle > VY100","600"
"ENGL1000J","","Michelle","","已离职，超喜欢michelle，人超好，很会鼓励学生，wkld小，经常上课让我们discussion，或者说上课改OH","feishu_legacy","true","true","false","","Academic Writing","Academic Writing > Michelle > VY100","601"
"ENGL2000J","","Michelle","","wkld约等于1学分。","feishu_legacy","true","true","false","","Academic Writing","Academic Writing > Michelle > VY200","609"
"ENGL2000J","","Michelle","","伟大无须多言，wkld小给分好，人也善良和蔼","feishu_legacy","true","true","false","","Academic Writing","Academic Writing > Michelle > VY200","610"
"ECE2150J","","Rui Yang","SU","非常好课，考试简单，看slides就完事了","feishu_legacy","true","true","false","","Program Subject / ECE","Program Subject > ECE > VE215 > Rui Yang(SU)","624"
"ECE2150J","","Yuljae Cho","FA","整个JI目前上过最好的课","feishu_legacy","true","true","false","","Program Subject / ECE","Program Subject > ECE > VE215 > Yuljae Cho(FA)","632"
"ECE2150J","","Yuljae Cho","FA","确实难，考试要多计算出中间步骤的结果","feishu_legacy","true","true","false","","Program Subject / ECE","Program Subject > ECE > VE215 > Yuljae Cho(FA)","633"
"ECE2150J","","Yuljae Cho","FA","平时很轻松 但是考试会非常难和痛苦 给分一半","feishu_legacy","true","true","false","","Program Subject / ECE","Program Subject > ECE > VE215 > Yuljae Cho(FA)","634"
"ECE2160J","","","","ly，我听说的对她的评价好坏参半。但本人ly黑，就说说这门课坏在哪里，请结合其他评论理性看待。一宗罪，陈年老💩的PPT，一点开就跟掀开了闷了八年的茅坑盖子一样。我请问能在学期初就把所有ppt都放出来的课，能有什么好玩意儿？更别说到学期末第七章第八章的时候，自己ppt都不咋用了，净顾着在那偷MIT的notes。ppt信息熵极低，用三五页来做动画，实际上只讲了一页的内容。二宗罪，好不容易学院换到交大canvas，有好好的课程回放，她还给关了。结合学校对教授课程出勤率的要求，实际上为了什么不言而喻，还大言不惭美其名曰为了鼓励大家听课。。。不想着如何提升ppt和教学质量，哪怕报个班提升一下那股子不知道哪里口音的歪七扭八的口语，靠关回放和quiz来提升出勤率的课，能算什么好课？三宗罪，考试、作业和课堂内容在后期脱节。很多上过这门课的同学都说，216不需要关注ppt讲了什么，这就是一门披着信号与系统的羊皮的数学课，只需要刷题刷题刷题，弄明白题目怎么做就够了。这从学期末ppt中例题数量大幅下降就可以窥见一二。学期结束上完这门课，我们真的学到了多少除了做题之外的知识吗？并不见得。","feishu_legacy","true","true","true","professor_missing","Program Subject / ECE","Program Subject > ECE > VE 216","644"
"ECE2160J","","","","幽默给分，两次Q3，平时分拿满，喜提A-，内容（除了lab）也很少能看出跟EE有什么直接联系。final也因为有UM同学的原因把大家全部赶到早八考试，不理解为什么其他有UM同学的课可以早十考试，而这门课非得早八。而lab2和lab3超过215和311的电路复杂程度，也和平时的lecture内容产生巨大割裂感。","feishu_legacy","true","true","true","professor_missing","Program Subject / ECE","Program Subject > ECE > VE 216","645"
"ECE2700J","","Gang Zheng","","Zhenggang = 好","feishu_legacy","true","true","false","","Program Subject / ECE","Program Subject > ECE > VE270 > Gang Zheng","662"
"ECE2700J","","Gang Zheng","","![image\.png](Images_attachments/image.png)<br>","feishu_legacy","true","false","true","image_only","Program Subject / ECE","Program Subject > ECE > VE270 > Gang Zheng","663"
"ECE2700J","","Gang Zheng","","我喜欢你","feishu_legacy","true","true","false","","Program Subject / ECE","Program Subject > ECE > VE270 > Gang Zheng","664"
"ECE2700J","","Gang Zheng","","我永远爱郑刚。为数不多我上课完全不困的课。","feishu_legacy","true","true","false","","Program Subject / ECE","Program Subject > ECE > VE270 > Gang Zheng","665"
"ECE2700J","","Gang Zheng","","JI最好的几门课之一，一定要听","feishu_legacy","true","true","false","","Program Subject / ECE","Program Subject > ECE > VE270 > Gang Zheng","666"
"ECE2700J","","Gang Zheng","","神","feishu_legacy","true","true","false","","Program Subject / ECE","Program Subject > ECE > VE270 > Gang Zheng","667"
"ECE2700J","","周武元","","课是很简单的课，但老师课质量很差，还要签到。课件用的zg的。考试题目全是原题。结论是很没有诚意。verilog是个好东西，如果对硬件感兴趣对同学，建议啃一啃。自己的课程计划优先，没有必要一定追求zg，这个东西非常容易自学。","feishu_legacy","true","true","false","","Program Subject / ECE","Program Subject > ECE > VE270 > 周武元","675"
"ECE2700J","","周武元","","两个字！垃圾！严重的教考分离，考试严重超出课上+课后习题+lab能够cover的范畴。这非常符合同学们对一个垃圾老师的印象：自己教的烂读PPT，然后为了让大家重视这门课所以把考试故意搞的很难。考试其实题目不是难，而是体量太大不合理，几个中高难度的题目堆在一起就变成了一张无厘头的卷子。","feishu_legacy","true","true","false","","Program Subject / ECE","Program Subject > ECE > VE270 > 周武元","676"
"ECE2700J","","周武元","","史","feishu_legacy","true","true","false","","Program Subject / ECE","Program Subject > ECE > VE270 > 周武元","677"
"ECE2800J","","Zhongqiang Ren","","rzq人好事情少，给分好，唯一槽点是随机签到","feishu_legacy","true","true","false","","Program Subject / ECE","Program Subject > ECE > VE280 > Zhongqiang Ren","687"
"ECE2810J","","Yutong Ban","","幽默mid 需要做一点心理准备","feishu_legacy","true","true","false","","Program Subject / ECE","Program Subject > ECE > VE281 > Yutong Ban","695"
"ECE2810J","","Yutong Ban","","请多刷leetcode，不然神秘代码小妙招定能在考试给你带来无限惊喜呀","feishu_legacy","true","true","false","","Program Subject / ECE","Program Subject > ECE > VE281 > Yutong Ban","696"
"ECE2810J","","Yutong Ban","","请问给分怎么样","feishu_legacy","true","true","false","","Program Subject / ECE","Program Subject > ECE > VE281 > Yutong Ban","697"
"ECE3110J","","Xuyang Lu","","对于所有非EE方向的学生全是屎，课件难作业适中考试爆难。一整张卷子完全是一个正常听课+做作业lab的学生无法handle的。
一个老师在夏季，许多大四学生的课里面把考试平均分干到20/100，也是绝了。","feishu_legacy","true","true","false","","Program Subject / ECE","Program Subject > ECE > VE 311 > Xuyang Lu","705"
"ECE3700J","","","","CE核心课 虽然考试有点抽象 但是学的东西比270有用的多","feishu_legacy","true","true","true","professor_missing","Program Subject / ECE","Program Subject > ECE > VE 370","714"
"ECE4750J","","","","好玩，小学/初中奥数基础就可以来上。虽然先修是203+280，但这个课是给那些“两年前学203，现在已经全忘了”的人设计的（引自马牛），而JI的280基本上没有教任何东西。喜欢网安，密码学的（建议拉上一个熟人一起做小组作业）找马牛申请一下越级，闭眼冲","feishu_legacy","true","true","true","professor_missing","Program Subject / ECE","Program Subject > ECE > VE 475","722"
"ECE4750J","","","","同意楼上，没有把数学全忘光的话大二夏就可以冲。内容好玩且wkld不大，只要上课听了考试基本不会有问题。","feishu_legacy","true","true","true","professor_missing","Program Subject / ECE","Program Subject > ECE > VE 475","723"
"ME0801J","","","","哪个男人会不喜欢开车床呢？","feishu_legacy","true","true","true","professor_missing","Program Subject / ME","Program Subject > ME > ME 0801J","735"
"ME0801J","","","","早八上，风险较高，各个环节都容易致残","feishu_legacy","true","true","true","professor_missing","Program Subject / ME","Program Subject > ME > ME 0801J","736"
"ME0801J","","","","比起当工人阶级早八进厂，还是当资本家比较舒服","feishu_legacy","true","true","true","professor_missing","Program Subject / ME","Program Subject > ME > ME 0801J","737"
"ME0801J","","","","有点子意思，就是早八容易睡过头","feishu_legacy","true","true","true","professor_missing","Program Subject / ME","Program Subject > ME > ME 0801J","738"
"ME0801J","","","","除了用锯子那一小节课有点烂 别的还是很好玩的手工课x","feishu_legacy","true","true","true","professor_missing","Program Subject / ME","Program Subject > ME > ME 0801J","739"
"ME0801J","","","","有的课程只需要1h就能做完了，之后还不让提前走，必须在休息区干等到十一点多下课，否则就是早退扣分降档。但u1s1课程还是很有趣的，老师除了在不让你走这一点上不够变通之外也都还行。激光切割的老师一般。","feishu_legacy","true","true","true","professor_missing","Program Subject / ME","Program Subject > ME > ME 0801J","740"
"ME2110J","","Shane Johnson","","ME课最简单的一集～只要上课认真听讲，把书上的例题都学会就能考满分的那种。Shane 211上课质量很高，内容也相对简单，推荐大家选这门课！","feishu_legacy","true","true","false","","Program Subject / ME","Program Subject > ME > VM 211 > Shane Johnson","751"
"ME2110J","","Shane Johnson","","Shane: 考试有不明白的问我。：这道题怎么做？ Shane: 这道题你要，，然后，,","feishu_legacy","true","true","false","","Program Subject / ME","Program Subject > ME > VM 211 > Shane Johnson","752"
"ME2110J","","Shane Johnson","","强推！shane讲的非常清楚，课上例题很多（喜欢叫人去黑板做题，给bonus），好好听课下课基本不怎么用学。考试不会刻意为难你，大家分都很高，且不curve！（记得考前去听shane的rc，有惊喜","feishu_legacy","true","true","false","","Program Subject / ME","Program Subject > ME > VM 211 > Shane Johnson","753"
"ME2110J","","Shane Johnson","","不适合社恐😭😭😭，bonus一分都没拿到呜呜呜呜（bonus直接加总评啊啊啊啊什么鬼啊啊啊啊啊啊啊啊
不适合社恐😭😭😭，bonus一分都没拿到呜呜呜呜（bonus直接加总评啊啊啊啊什么鬼啊啊啊啊啊啊啊啊","feishu_legacy","true","true","false","","Program Subject / ME","Program Subject > ME > VM 211 > Shane Johnson","754"
"ME2110J","","Shane Johnson","","Shane=好","feishu_legacy","true","true","false","","Program Subject / ME","Program Subject > ME > VM 211 > Shane Johnson","755"
"ME2110J","","Shane Johnson","","shane=好 上课了基本认真听了就不用咋复习，为我混天黑日的期末周复习带来一丝光明了可以说","feishu_legacy","true","true","false","","Program Subject / ME","Program Subject > ME > VM 211 > Shane Johnson","756"
"ME2110J","","Shane Johnson","","Shane==好，甚至可以在考试的时候问shane或者ta一些相对constructive的建议，而且上课体验很好","feishu_legacy","true","true","false","","Program Subject / ME","Program Subject > ME > VM 211 > Shane Johnson","757"
"ME2110J","","Shane Johnson","","(","feishu_legacy","true","true","false","","Program Subject / ME","Program Subject > ME > VM 211 > Shane Johnson","758"
"ME2350J","","Kyt","","2023FA：不知道是不是秋季dd结果没出的原因，极卷。授课质量一般。","feishu_legacy","true","true","false","","Program Subject / ME","Program Subject > ME > VM 235 > Kyt","769"
"ME2350J","","Kyt","","2023FA：喜欢我me235三小quiz两大考一实验吗
quiz30min做一道大题（基本做不完）
final一个半小时给了一大沓卷子，从头算到尾，计算器都来不及敲
期末周再给你来个实验报告。。
这门课只有3学分哦
老师上课感觉像对着黑板自言自语。。","feishu_legacy","true","true","false","","Program Subject / ME","Program Subject > ME > VM 235 > Kyt","770"
"ME2350J","","Kyt","","感觉老师人挺好的，讲得还行，靠看书自己救吧。秋季来就是me人卷来卷去，来卷！","feishu_legacy","true","true","false","","Program Subject / ME","Program Subject > ME > VM 235 > Kyt","771"
"ME2350J","","Kyt","","特别好课，喜欢写板书的老师捏🥰","feishu_legacy","true","true","false","","Program Subject / ME","Program Subject > ME > VM 235 > Kyt","772"
"ME2350J","","Kyt","","老师授课挺负责的，秋季就是大家一起卷嘻嘻","feishu_legacy","true","true","false","","Program Subject / ME","Program Subject > ME > VM 235 > Kyt","773"
"ME2350J","","Dezhi zhou","","不用签到，到最后都没人听课了，老师人是好的，但是语调太平淡，不如自学。内容其实很简单，题目很模式化。看rc，考试甚至会有原题出现。","feishu_legacy","true","true","false","","Program Subject / ME","Program Subject > ME > VM 235 > Dezhi zhou","780"
"ME2400J","","Xiaodong Wei","","2024Spring 什么神仙好课，考试全开卷（开网的那种）","feishu_legacy","true","true","false","","Program Subject / ME","Program Subject > ME > VM 240 > Xiaodong Wei","789"
"ME2400J","","Xiaodong Wei","","内容对不喜欢物理的人还是蛮难的，但是，xiaodong我的神！给分巨巨巨好（final没做出几道题的情况下","feishu_legacy","true","true","false","","Program Subject / ME","Program Subject > ME > VM 240 > Xiaodong Wei","790"
"ME2400J","","Robert Parker","","2024SU:UM交换来的老师，之前是JI的执行院长。老师人很好，给分据说非常generous，学术水平挺高，就是课程时间太紧，最后一周发一百页笔记真顶不住","feishu_legacy","true","true","false","","Program Subject / ME","Program Subject > ME > VM 240 > Robert Parker","798"
"ME2500J","","Jayhang Ju","","containing more hand-on practices. Requires more effort and learn more. More effort by professor. Interesting project.","feishu_legacy","true","true","false","","Program Subject / ME","Program Subject > ME > VM250 > Jayhang Ju","807"
"ME2500J","","Jayhang Ju","","高能好课，强推，都应该来学（ECE+ME)","feishu_legacy","true","true","false","","Program Subject / ME","Program Subject > ME > VM250 > Jayhang Ju","808"
"ME2500J","","Jayhang Ju","","最值得上的一门me课，推荐大一秋到大二夏的每一个学期只要有就无脑选，推荐override选这门课 无脑冲","feishu_legacy","true","true","false","","Program Subject / ME","Program Subject > ME > VM250 > Jayhang Ju","809"
"ME2500J","","Jayhang Ju","","无敌好课，学完爱上ME，和先修课关联不大，完全可以override选，wkld也很适中","feishu_legacy","true","true","false","","Program Subject / ME","Program Subject > ME > VM250 > Jayhang Ju","810"
"ME2500J","","Jayhang Ju","","认准朱教授，zhu=好 ，和蔼温良，轻声细语。TA 认准 otto，见过最和蔼的TA","feishu_legacy","true","true","false","","Program Subject / ME","Program Subject > ME > VM250 > Jayhang Ju","811"
"ME2500J","","Jayhang Ju","","Ju: You're brave. 对于被迫选me的人来说这课还是蛮痛苦的","feishu_legacy","true","true","false","","Program Subject / ME","Program Subject > ME > VM250 > Jayhang Ju","812"
"ME2500J","","Jayhang Ju","","喜欢我每节课一次的ca嘛x 越学越发现是最好复习的一门课.考前甚至不用看slides，只要hw+ca 考试会有很多原题出现","feishu_legacy","true","true","false","","Program Subject / ME","Program Subject > ME > VM250 > Jayhang Ju","813"
"ME2500J","","Jayhang Ju","","机动金课，纯正的史，被211还有235等课忽悠对me感恩戴德之后感受到的第一拳","feishu_legacy","true","true","false","","Program Subject / ME","Program Subject > ME > VM250 > Jayhang Ju","814"
"ME2500J","","Jayhang Ju","","ji必上课top1，来ji上这一门课就够了，有空必选没空必等。
本课要素：
design review (1x)
gameday (1x)
考试 (2x)
课堂练习+作业 (~30x)
lab (6h/周)
儒雅otto (1x)
me卷子 (?x)
等精品内容现已加入ME250豪华套餐体验仅需4学分，无脑恩冲就完事了
我的final rpt呢","feishu_legacy","true","true","false","","Program Subject / ME","Program Subject > ME > VM250 > Jayhang Ju","815"
"ME2500J","","Jayhang Ju","","考试原题友好，但其他的emmmm","feishu_legacy","true","true","false","","Program Subject / ME","Program Subject > ME > VM250 > Jayhang Ju","816"
"ME2500J","","Youyi Bi","","Prof Bi：a little bit more relaxed","feishu_legacy","true","true","false","","Program Subject / ME","Program Subject > ME > VM250 > Youyi Bi","824"
"ME2500J","","Youyi Bi","","2023SU: project较难且不拉分；考试也较难但是拉分","feishu_legacy","true","true","false","","Program Subject / ME","Program Subject > ME > VM250 > Youyi Bi","825"
"ME2500J","","Youyi Bi","","跳车了SP250选的，wkld体感远小于SP250，没有class activity，hw和lab session远少于SP250(2024SU)","feishu_legacy","true","true","false","","Program Subject / ME","Program Subject > ME > VM250 > Youyi Bi","826"
"ME3200J","","Lipo Wang","","真金课，不可不尝。王Sir is great，进交大以来说实话遇到这样认真的老师不多。","feishu_legacy","true","true","false","","Program Subject / ME","Program Subject > ME > VM 320 > Lipo Wang","836"
"ME3500J","","Jayhang Ju","","非常好的课，只要保证出勤率低于一定值，体验就会好。","feishu_legacy","true","true","false","","Program Subject / ME","Program Subject > ME > VM 350 > Jayhang Ju","861"
"ME3500J","","Jayhang Ju","","比250体验还好，推荐250和350不冲突的话就一起选，wkld极低，考试就考作业题 +1","feishu_legacy","true","true","false","","Program Subject / ME","Program Subject > ME > VM 350 > Jayhang Ju","862"
"ME3500J","","Jayhang Ju","","喜欢ME的可以研究各类连杆机构画solidworks 喜欢cs和ce的可以玩树莓派 大家都能在这门课找到喜欢的地方","feishu_legacy","true","true","false","","Program Subject / ME","Program Subject > ME > VM 350 > Jayhang Ju","863"
"ME3500J","","Jayhang Ju","","prof 会请你喝饮料 人好并且关心你的精神状态","feishu_legacy","true","true","false","","Program Subject / ME","Program Subject > ME > VM 350 > Jayhang Ju","864"
"ME3500J","","Jayhang Ju","","prof讲课🧑🏻‍🦲🐷👎","feishu_legacy","true","true","false","","Program Subject / ME","Program Subject > ME > VM 350 > Jayhang Ju","865"
"ME3600J","","Lei Shao","","认准Lei Shao 真的好老师！考试开网开卷 还有老师自己开的review lecture. 而且选的大二的同学少 感觉非常养老（24SU）","feishu_legacy","true","true","false","","Program Subject / ME","Program Subject > ME > VM 360 > Lei Shao","873"
"ME3600J","","Lei Shao","","神课，wkld小给分好，sl老师人也很好","feishu_legacy","true","true","false","","Program Subject / ME","Program Subject > ME > VM 360 > Lei Shao","874"
"ME3600J","","Lei Shao","","老师人非常好，非常儒雅随和，讲的也很好，考试开网很人性","feishu_legacy","true","true","false","","Program Subject / ME","Program Subject > ME > VM 360 > Lei Shao","875"
"ME3820J","","Hong Zhu","","wkld小给分好，考试不难","feishu_legacy","true","true","false","","Program Subject / ME","Program Subject > ME > VM 382 > Hong Zhu","885"
"ME3820J","","Hong Zhu","","正常认真学就行，不用特别练习","feishu_legacy","true","true","false","","Program Subject / ME","Program Subject > ME > VM 382 > Hong Zhu","886"
"ME3950J","","Ting Sun","","跟着王老师能学到很多东西，课程的助教带着很多实验问题都可以迎刃而解","feishu_legacy","true","true","false","","Program Subject / ME","Program Subject > ME > VM395 > Ting Sun","896"
"ME3950J","","Ting Sun","","一门超级好的机械工程入门实验课","feishu_legacy","true","true","false","","Program Subject / ME","Program Subject > ME > VM395 > Ting Sun","897"
"ME3950J","","Ting Sun","","物理实验进阶版，是上过的第三次st老师的课","feishu_legacy","true","true","false","","Program Subject / ME","Program Subject > ME > VM395 > Ting Sun","898"
"ME3950J","","Ting Sun","","wkld最符合学分的实验课 人数少 实验很欢乐 写report很痛苦","feishu_legacy","true","true","false","","Program Subject / ME","Program Subject > ME > VM395 > Ting Sun","899"
"ME3950J","","Ting Sun","","dd的同学推荐大二su上掉的，密大的课wkld比这里大，还要算到你密大的gpa里面。这里wkld属于是4学分正常范围，去年人少氛围轻松。","feishu_legacy","true","true","false","","Program Subject / ME","Program Subject > ME > VM395 > Ting Sun","900"
"TC3000J","","Xi Liu","","好人，体贴。学期初生病请了个假非常爽快就答应了，甚至过了一个星期还在关心我。给分还行，上课自由讨论环节会走来走去和你用中文聊天问你学懂了没。课讲的也不错","feishu_legacy","true","true","false","","Program Subject / TC","Program Subject > TC > TC 300 > Xi Liu","920"
"TC4960J","","Irene Wei","","上Irene Wei的496真是有福了，wkld比别的section大多了，给分巨差，没feedback，还会针对学生的一个老师呀","feishu_legacy","true","true","false","","Program Subject / TC","Program Subject > TC > TC 496 > Irene Wei","930"
"JAPN1100J","","Lin Zibo","","唯一真神，只是抢不抢得到的问题","feishu_legacy","true","true","false","","Intellectual Bre / Humanity(HU)","Intellectual Bre > Humanity(HU) > Lin Zibo(JAPN1100J)","941"
"JAPN1100J","","Lin Zibo","","神中神","feishu_legacy","true","true","false","","Intellectual Bre / Humanity(HU)","Intellectual Bre > Humanity(HU) > Lin Zibo(JAPN1100J)","942"
"JAPN1100J","","Lin Zibo","","上的最开心的课","feishu_legacy","true","true","false","","Intellectual Bre / Humanity(HU)","Intellectual Bre > Humanity(HU) > Lin Zibo(JAPN1100J)","943"
"ENGL2050J","","Andrew Yang","","想似","feishu_legacy","true","true","false","","Intellectual Bre / Humanity(HU)","Intellectual Bre > Humanity(HU) > Andrew Yang(ENGL2050J)","951"
"PHIL2430J","","Benjamin Paloff","","真神HU课程 感兴趣的同学直接冲 不用担心essay的想法不够好 可以一直改一直一直交 可惜是UM的老师过来上课 就是要对话题有一定兴趣就好！","feishu_legacy","true","true","false","","Intellectual Bre / Humanity(HU)","Intellectual Bre > Humanity(HU) > Benjamin Paloff(PHIL 2430J)","959"
"CUL2620J","","Kim","","wkld确实大，但是给分特别好 平均A 保底A-","feishu_legacy","true","true","false","","Intellectual Bre / Humanity(HU)","Intellectual Bre > Humanity(HU) > Kim(CUL2620J)","966"
"PHIL2650J","","Wu Yun","","好评，TA会和professor一起捞你，但是今年取消的quiz明年估计会回来了，就三四个B＋","feishu_legacy","true","true","false","","Intellectual Bre / Humanity(HU)","Intellectual Bre > Humanity(HU) > Wu Yun(PHIL2650)","973"
"PHIL2650J","","Wu Yun","","强推！武云人超级好！课上讨论挺有意思的，wkld约等于无，主要是期末的一篇fianl essay","feishu_legacy","true","true","false","","Intellectual Bre / Humanity(HU)","Intellectual Bre > Humanity(HU) > Wu Yun(PHIL2650)","974"
"PHIL2650J","","Wu Yun","","武老师真的非常nice，各个方面都很nice！强推！","feishu_legacy","true","true","false","","Intellectual Bre / Humanity(HU)","Intellectual Bre > Humanity(HU) > Wu Yun(PHIL2650)","975"
"HIS2810J","","Xu Tong","","学分性质上是高贵的3credit 300level SS-HU两可课。对中国历史有兴趣或有了解的同学无脑入。wkld包括10个100词comment，4个100词question和4个reflection paper，个人认为不算大。","feishu_legacy","true","true","false","","Intellectual Bre / Humanity(HU)","Intellectual Bre > Humanity(HU) > Xu Tong(HIS 2810)","981"
"HIS2810J","","Xu Tong","","给XT老师打call！！！","feishu_legacy","true","true","false","","Intellectual Bre / Humanity(HU)","Intellectual Bre > Humanity(HU) > Xu Tong(HIS 2810)","982"
"HIS2810J","","Xu Tong","","课堂上互动性会很强 xt一旦认识你之后可能会被反复点名x. 除了有考试（限时reflection paper属于），完全很好的课","feishu_legacy","true","true","false","","Intellectual Bre / Humanity(HU)","Intellectual Bre > Humanity(HU) > Xu Tong(HIS 2810)","983"
"HIS2810J","","Xu Tong","","就是课前看材料会有很多生词，浑身难受。但是用翻译软件后问题就迎刃而解了：）互动的时候一时语塞也可以讲中文。压力不大，拿A-就和喝水一样，BUT拿A还是有难度的。","feishu_legacy","true","true","false","","Intellectual Bre / Humanity(HU)","Intellectual Bre > Humanity(HU) > Xu Tong(HIS 2810)","984"
"HIS2810J","","Xu Tong","","真的学到了东西！是最喜欢的人文课老师！强推！","feishu_legacy","true","true","false","","Intellectual Bre / Humanity(HU)","Intellectual Bre > Humanity(HU) > Xu Tong(HIS 2810)","985"
"PHIL2030J","","Dmytro Mykhailov","","Mykhailov是一个极其注重课堂互动的老师，在进入一堂课的内容前，首先会花不少时间与同学交流阅读材料中的内容（没有人举手的话就会随机点名，因此还是建议课前阅读一下mandatory reading）；课程难度不大，上课气氛比较轻松，但课程的内容是在与学生交流的基础上推进，开始交流的时候不需要表达出“正确的”，充满洞见的答案（老师还是很和蔼的，会积极回应你的答案引导你讲下去），而是在一问一答中印象Mykhailov想讲的东西，我相信这样的设计是受到了柏拉图精神助产术的启发。
我个人不太喜欢的是它mandatory reading选用的书*Introduction to Philosophy of Technology* by Mark Coeckelbergh。这本书宣称不怎么懂哲学的非科班生也可以读，但实际上提到多了相当多的海德格尔。 能看出来作者很努力地在避免语言生涩，但努力过分了，许多德翻英专有名词缺少原词对应，加之抛弃了海德格尔所期望的词源学，反而让这本书在有些部分语焉不详，个人认为可以参照豆瓣上一些书评进行理解。原书还有很强的罗列倾向，把哲学家们像铜币一样排在桌上，一方面缺少历史性的分析，另一方面则无一条明晰的问题链，黑格尔言：哲学就是哲学史。本书是一本intro，但也只能是一本intro了。
再提一嘴一些零零散散的东西吧。有些时候最后十五分钟会有一个quiz，会让你在canvas上回答一个小问题，写个大约200字吧，时间稍微有点紧，不难。每堂课都会查签到，学生需要在点名单上签字。回答问题教授会在点名单上做记号，需要一定的participation才好拿到分。有期末考试。教授作为乌克兰人说话几乎没有口音，英语很标准，也会德语，选德语的小伙伴们可以交流一下。给分暂时不知，答主还在上这门课
总之，我推荐对哲学感兴趣的人，e人，能阅读相对抽象的长文本的人选（相信大家都被engl1000 2000拷打过了:)，这点应该都不会有什么问题），可能有些人会觉得有点无聊，但我还是挺喜欢这门课的。","feishu_legacy","true","true","false","","Intellectual Bre / Humanity(HU)","Intellectual Bre > Humanity(HU) > Dmytro Mykhailov(PHIL 2030)","993"
"CUL2610J","","Aline Chevalier","","wkld小分好","feishu_legacy","true","true","false","","Intellectual Bre / Humanity(HU)","Intellectual Bre > Humanity(HU) > Aline Chevalier(CUL2610J)","1001"
"CUL2610J","","Aline Chevalier","","伟大，无须多言，神","feishu_legacy","true","true","false","","Intellectual Bre / Humanity(HU)","Intellectual Bre > Humanity(HU) > Aline Chevalier(CUL2610J)","1002"
"PSY3650J","","Chiao","","给分比较两极分化，建议私下多沟通（very)","feishu_legacy","true","true","false","","Intellectual Bre / Social Science(SS)","Intellectual Bre > Social Science(SS) > Chiao","1010"
"PSY3650J","","Chiao","","要做好不在乎gpa的准备
但是是很好的老师捏，建议喜欢心理学的冲","feishu_legacy","true","true","false","","Intellectual Bre / Social Science(SS)","Intellectual Bre > Social Science(SS) > Chiao","1011"
"PSY3650J","","Chiao","","不考虑wkld的话很推荐，当成探索自己的一次旅途吧！Not go through it, gain through it!","feishu_legacy","true","true","false","","Intellectual Bre / Social Science(SS)","Intellectual Bre > Social Science(SS) > Chiao","1012"
"PSY3650J","","Chiao","","主打的就是人文课当专业课在上，wkld真不小。不认真讨论和做作业的话真的会挂人，对topic毫无兴趣只想拿学分这可能不是个好选择。以及如果恰好课上没有外国学生应该一半时间是中文授课，理解难度会小很多。","feishu_legacy","true","true","false","","Intellectual Bre / Social Science(SS)","Intellectual Bre > Social Science(SS) > Chiao","1013"
"PSY3650J","","Chiao","","对心理学抱有“极大”兴趣+准备好为了这门课迎接海量wkld的进。不过焦老师人特别好，积极沟通之下还是能拿一个理想的成绩的。","feishu_legacy","true","true","false","","Intellectual Bre / Social Science(SS)","Intellectual Bre > Social Science(SS) > Chiao","1014"
"PSY3650J","","Chiao","","相比于大的essay，更多的是很多很多小作业。比较需要跟教授多沟通。","feishu_legacy","true","true","false","","Intellectual Bre / Social Science(SS)","Intellectual Bre > Social Science(SS) > Chiao","1015"
"PSY3650J","","Chiao","","别犹豫 快跑！快跑！快跑！个人是在jn0的小组作业leader贡献度拉满但是被他认为上课小组内pre用电脑所以“not show respect”被扣了1/3 attendance分（占总分约30%）。 不觉得jn0好沟通 反而过分偏执 不会听学生的想法除非你的想法和他的完全符合 而且grading policy极其不合理 期末大作业甚至只有attandence的1/2就极其绷不住 关于wkld wkld极大 很大程度上源自于他让你去帮他完成一些他自己天马行空的想法比如在楼顶搭帐篷 就是把人当免费劳动力薅了。。。同情楼下 反正给分离谱以及能跑的快跑吧 不要轻易尝试","feishu_legacy","true","true","false","","Intellectual Bre / Social Science(SS)","Intellectual Bre > Social Science(SS) > Chiao","1016"
"PSY3650J","","Chiao","","楼上小组work大爹确实惨","feishu_legacy","true","true","false","","Intellectual Bre / Social Science(SS)","Intellectual Bre > Social Science(SS) > Chiao","1017"
"PSY3650J","","Chiao","","心理学概论
课程内容：n0的一大特色就是他多样化的课程内容。对于24春季的课来说，前两周是老师的lecture（ introduction 和 介绍心理学），如果感觉不适合的话建议现在退掉。之后会有分组（四个心理学子主题自主填表报名），之后7周基本都是以小组为单位行动了。第三到四周是老师的lecture加上小组的讨论回答，更多的回答问题有利于participation的增加。之后会有关于自己选的子主题的quiz，全是选择题，认真复习教材就问题不大。6-9周则是“沙龙”，小组里的人选择一本相关主题著作进行阅读，每节课和组员进行分享，每一周会有一个人负责在白板上写思维导图进行上传。最后的压轴项目是tent talk，和创造力课程的同学对接，将自己读的书、学到的内容融入到一个时长2小时的有趣活动中。这个项目的wkld较大，和创造力组员的沟通格外重要。在第九周周末完成tent talk，在第十周的课上总结自己的tent talk，进行简单的qa。
上课自由度：不高，有小组讨论和问答（算participation），沙龙环节需要每节课产出内容。tent talk更是使得课外的wkld剧增。每节课都有签到，手动签到别想逃！
考核标准：participation（问答） quiz（关于自己学的主题）tent talk（前期准备 现场发挥 后期qa）沙龙（每节课的ppt分享 小组互评）
授课质量：n0的实力我是认可的。但是他的声音比较轻，英语授课会导致对心理学不太感兴趣的同学很容易迷失。n0在这门课上主要想让我们自己学习，自己感悟出心理学上的道理，辅导我们自己办tent talk，可以说与传统的人文课差距明显。这可以说是创新，让真正喜欢心理学的人施展手脚，但是也会导致想上水课的同学吃到很低的分数
什么，想问我的分数？2.7！花钱降绩点，实在是不值得啊~","feishu_legacy","true","true","false","","Intellectual Bre / Social Science(SS)","Intellectual Bre > Social Science(SS) > Chiao","1018"
"HIS1020J","","Xu Tong","","同HIS2810。wkld在很恶心的3分Social Science门类中算是一股清流。就算你对历史不感兴趣也可以无脑入。","feishu_legacy","true","true","false","","Intellectual Bre / Social Science(SS)","Intellectual Bre > Social Science(SS) > Xu Tong(HIS 1020)","1026"
"HIS1020J","","Xu Tong","","很爱XT老师，会给你打招呼捏","feishu_legacy","true","true","false","","Intellectual Bre / Social Science(SS)","Intellectual Bre > Social Science(SS) > Xu Tong(HIS 1020)","1027"
"ART2550J","","Manuel","SU","mn给分最好的一集","feishu_legacy","true","true","false","","Intellectual Bre / Art","Intellectual Bre > Art > Manuel (ART2550J SU)","1061"
"ART2551J","","Manuel","DWP","是的牛宝有art课……能学到很多东西，但如果是零基础，得接受忙活半天拿A-，喜欢摄影的可入","feishu_legacy","true","true","false","","Domestic Winter Program","Domestic Winter Program > Manuel (ART2551J DWP)","1086"
"ART2551J","","Manuel","DWP","牛宝dwp=好(虽然有卷怪每天p图到3点 但是只要正常交作业保底A- 认真一点就A 摄影0基础可冲 以及牛宝会带着去很多有意思的地方 印象最深的大概是牛宝最不喜欢去""this is for tourist""的地方","feishu_legacy","true","true","false","","Domestic Winter Program","Domestic Winter Program > Manuel (ART2551J DWP)","1087"
"ART2551J","","Manuel","DWP","真的好课，可以和马牛去各种field trip，还可以在路上和马牛聊天，学到很多有关摄影的知识，最重要的是有/租一台还可以的相机并有一颗想学摄影的心","feishu_legacy","true","true","false","","Domestic Winter Program","Domestic Winter Program > Manuel (ART2551J DWP)","1088"
"ART2551J","","Manuel","DWP","很好的课，零基础可冲！可以和牛宝亲切交流+游山玩水，wkld有点大，做好p图p到半夜的准备。（确实稍微认真一点就可以拿A）","feishu_legacy","true","true","false","","Domestic Winter Program","Domestic Winter Program > Manuel (ART2551J DWP)","1089"
"ART2551J","","Manuel","DWP","好玩！摄影小白只要有兴趣都能来，学到了很多。大家一起游山玩水每天拍照聚餐（跨年还在江边放烟花到凌晨，很美好的回忆），就是聚餐到但晚上小心深夜p图赶ddl交作业","feishu_legacy","true","true","false","","Domestic Winter Program","Domestic Winter Program > Manuel (ART2551J DWP)","1090"
"BUS2551J","","Kweeyan Teh","DWP","会进行很社死的采访，但是过后感觉是很独特的经历。永远忘不了沙溪的小镇、日落和星空（像梦一样的几天）。","feishu_legacy","true","true","false","","Domestic Winter Program","Domestic Winter Program > Kweeyan Teh(BUS2551J DWP)","1098"
